id,first_name,last_name,email,gender,company,city,title
1,Laura,Richards,lrichards0@reverbnation.com,Female,Meezzy,"Warner, NH",Biostatistician III
2,Margaret,Mendoza,mmendoza1@sina.com.cn,Female,Skipfire,"Warner, NH",VP Marketing
3,Craig,Mccoy,cmccoy2@bluehost.com,Male,Quatz,"Warner, NH",Senior Sales Associate
4,James,Moore,jmoore3@apache.org,Male,Bubblemix,"Warner, NH",Physical Therapy Assistant
5,Benjamin,Cooper,bcooper4@biglobe.ne.jp,Male,Youtags,"Warner, NH",Account Coordinator
6,Terry,Ruiz,truiz5@unc.edu,Male,Nlounge,"Warner, NH",
7,Julia,Kennedy,jkennedy6@behance.net,Female,Divanoodle,"Warner, NH",VP Product Management
8,Jesse,Mcdonald,jmcdonald7@etsy.com,Male,Realblab,"Warner, NH",Structural Engineer
9,Harry,Edwards,hedwards8@mapquest.com,Male,Jabberstorm,"Warner, NH",Marketing Manager
10,Peter,Ellis,pellis9@wordpress.com,Male,Photolist,"Warner, NH",Research Associate
11,Betty,Wright,bwrighta@xrea.com,Female,Blogpad,"Warner, NH",Paralegal
12,Maria,Armstrong,marmstrongb@last.fm,Female,Zooxo,"Warner, NH",Health Coach IV
13,Lawrence,West,lwestc@1688.com,Male,Gabcube,"Warner, NH",Electrical Engineer
14,Katherine,Porter,kporterd@washingtonpost.com,Female,Twiyo,"Warner, NH",Staff Scientist
15,Philip,Stewart,pstewarte@intel.com,Male,Jaxbean,"Warner, NH",
16,Ralph,Carpenter,rcarpenterf@dot.gov,Male,Topicblab,"Warner, NH",Environmental Tech
17,Teresa,Carter,tcarterg@cocolog-nifty.com,Female,Voonte,"Warner, NH",Internal Auditor
18,Jane,Thompson,jthompsonh@last.fm,Female,Kanoodle,"Warner, NH",Software Consultant
19,Nicholas,Hart,nharti@oakley.com,Male,Riffpath,"Warner, NH",Recruiting Manager
20,Billy,Rogers,brogersj@reference.com,Male,Eadel,"Warner, NH",Clinical Specialist
21,Alan,Barnes,abarnesk@geocities.jp,Male,Plambee,"Warner, NH",Recruiter
22,Andrew,Wallace,awallacel@xrea.com,Male,LiveZ,"Warner, NH",Structural Engineer
23,Donald,Williams,dwilliamsm@tuttocitta.it,Male,Rhybox,"Warner, NH",Sales Representative
24,Kathleen,Hanson,khansonn@ezinearticles.com,Female,Linklinks,"Warner, NH",Pharmacist
25,Wayne,Wilson,wwilsono@dot.gov,Male,Edgewire,"Warner, NH",Staff Accountant IV
26,Alan,Martinez,amartinezp@friendfeed.com,Male,Dynabox,"Warner, NH",Engineer II
27,George,Watkins,gwatkinsq@altervista.org,Male,LiveZ,"Warner, NH",Librarian
28,Maria,Alexander,malexanderr@google.com,Female,Trupe,"Warner, NH",Sales Associate
29,Alice,Carter,acarters@woothemes.com,Female,Mudo,"Warner, NH",Payment Adjustment Coordinator
30,Steven,Gibson,sgibsont@clickbank.net,Male,Kamba,"Warner, NH",Structural Engineer
31,Ann,Ryan,aryanu@cafepress.com,Female,Centidel,"Warner, NH",Database Administrator II
32,Christine,Griffin,cgriffinv@globo.com,Female,Leexo,"Warner, NH",Software Test Engineer III
33,George,Garcia,ggarciaw@canalblog.com,Male,Viva,"Warner, NH",Project Manager
34,Ruby,Carroll,rcarrollx@dailymail.co.uk,Female,Zooxo,"Warner, NH",Biostatistician II
35,Harry,Hart,hharty@com.com,Male,Minyx,"Warner, NH",Compensation Analyst
36,Heather,Mccoy,hmccoyz@goodreads.com,Female,Agimba,"Warner, NH",Operator
37,Judy,Nichols,jnichols10@upenn.edu,Female,Mudo,"Warner, NH",Social Worker
38,Judy,,jstephens11@bravesites.com,Female,Twinte,"Warner, NH",Data Coordiator
39,Timothy,Elliott,telliott12@blogspot.com,Male,Leenti,"Warner, NH",Nurse
40,Emily,Harrison,eharrison13@house.gov,Female,Podcat,"Warner, NH",Graphic Designer
41,Jacqueline,Fernandez,jfernandez14@yellowpages.com,Female,Youspan,"Warner, NH",Analyst Programmer
42,Jesse,Hunter,jhunter15@newyorker.com,Male,Npath,"Warner, NH",Web Developer III
43,Bobby,Duncan,bduncan16@last.fm,Male,Lajo,"Warner, NH",Design Engineer
44,Anne,,acarter17@latimes.com,Female,Dabjam,"Warner, NH",Senior Developer
45,Pamela,Cook,pcook18@opensource.org,Female,Janyx,"Warner, NH",Software Engineer II
46,Jane,Boyd,jboyd19@wisc.edu,Female,Gabcube,"Warner, NH",Information Systems Manager
47,Dennis,Anderson,danderson1a@yelp.com,Male,Topiclounge,"Warner, NH",Human Resources Manager
48,Tina,Turner,tturner1b@csmonitor.com,Female,Livepath,"Warner, NH",Food Chemist
49,Kathleen,Wagner,kwagner1c@google.ca,Female,Tagpad,"Warner, NH",GIS Technical Architect
50,Randy,Richards,rrichards1d@psu.edu,Male,Skimia,"Warner, NH",Legal Assistant
51,Judy,Hill,jhill1e@fema.gov,Female,Thoughtbeat,"Warner, NH",Professor
52,Mary,Simmons,msimmons1f@ftc.gov,Female,Devify,"Warner, NH",Programmer IV
53,Albert,Allen,aallen1g@theatlantic.com,Male,Gabspot,"Warner, NH",VP Sales
54,Debra,Hawkins,dhawkins1h@shinystat.com,Female,Skyvu,"Warner, NH",Sales Representative
55,Kathy,Owens,kowens1i@nationalgeographic.com,Female,Wikibox,"Warner, NH",Programmer Analyst I
56,Steven,Palmer,spalmer1j@sun.com,Male,Twitternation,"Warner, NH",Community Outreach Specialist
57,Ryan,Watkins,rwatkins1k@mit.edu,Male,Tazzy,"Warner, NH",Quality Control Specialist
58,Ashley,Diaz,adiaz1l@ameblo.jp,Female,Tavu,"Warner, NH",Speech Pathologist
59,Mark,Banks,mbanks1m@amazon.de,Male,Skinix,"Warner, NH",Analyst Programmer
60,Alice,Crawford,acrawford1n@photobucket.com,Female,Trudeo,"Warner, NH",Recruiter
61,Ann,Peters,apeters1o@nasa.gov,Female,Jayo,"Warner, NH",Senior Editor
62,Cynthia,Reynolds,creynolds1p@g.co,Female,Lazzy,"Warner, NH",Account Coordinator
63,Gloria,Mason,gmason1q@businesswire.com,Female,InnoZ,"Warner, NH",Automation Specialist I
64,Ronald,Richards,rrichards1r@i2i.jp,Male,Photobean,"Warner, NH",VP Marketing
65,Brenda,Riley,briley1s@dmoz.org,Female,Photospace,"Warner, NH",
66,Laura,Coleman,lcoleman1t@unesco.org,Female,Kwideo,"Warner, NH",Account Executive
67,Theresa,George,tgeorge1u@mail.ru,Female,Katz,"Warner, NH",Account Representative II
68,Jennifer,Dixon,jdixon1v@dell.com,Female,Topiclounge,"Warner, NH",Sales Representative
69,Lawrence,Harvey,lharvey1w@yellowpages.com,Male,Skiba,"Warner, NH",Librarian
70,Wayne,Fields,wfields1x@illinois.edu,Male,Realcube,"Warner, NH",Senior Cost Accountant
71,Jesse,Owens,jowens1y@umich.edu,Male,Voonte,"Warner, NH",Paralegal
72,Jeffrey,Cox,jcox1z@usnews.com,Male,Oyondu,"Warner, NH",Internal Auditor
73,Bobby,Gray,bgray20@mashable.com,Male,Mybuzz,"Warner, NH",Physical Therapy Assistant
74,Lawrence,Duncan,lduncan21@yandex.ru,Male,Yambee,"Warner, NH",Junior Executive
75,Diane,Martin,dmartin22@cloudflare.com,Female,Twitterlist,"Warner, NH",Assistant Manager
76,Anthony,Brown,abrown23@istockphoto.com,Male,Jabbertype,"Warner, NH",Environmental Tech
77,Sara,Dean,sdean24@wiley.com,Female,Meeveo,"Warner, NH",Legal Assistant
78,Kathy,Lopez,klopez25@icq.com,Female,Zooxo,"Warner, NH",Chief Design Engineer
79,Walter,Garrett,wgarrett26@vk.com,Male,Photospace,"Warner, NH",VP Quality Control
80,Annie,,aflores27@mlb.com,Female,Myworks,"Warner, NH",Social Worker
81,Lisa,George,lgeorge28@upenn.edu,Female,Edgewire,"Warner, NH",Pharmacist
82,Paul,Marshall,pmarshall29@bandcamp.com,Male,Devify,"Warner, NH",
83,Jeffrey,Bennett,jbennett2a@wisc.edu,Male,Fatz,"Warner, NH",Social Worker
84,Willie,Crawford,wcrawford2b@blogspot.com,Male,Browseblab,"Warner, NH",Account Executive
85,Martha,Thomas,mthomas2c@slideshare.net,Female,Skibox,"Warner, NH",Account Representative III
86,Dennis,Collins,dcollins2d@umich.edu,Male,Dabvine,"Warner, NH",Registered Nurse
87,Jack,Hanson,jhanson2e@goo.ne.jp,Male,Thoughtbeat,"Warner, NH",Statistician II
88,Charles,Thomas,cthomas2f@about.me,Male,Kanoodle,"Warner, NH",Tax Accountant
89,Janet,West,jwest2g@miitbeian.gov.cn,Female,Jabbersphere,"Warner, NH",Librarian
90,Lori,Ellis,lellis2h@guardian.co.uk,Female,Topiclounge,"Warner, NH",Accountant I
91,Gerald,Watson,gwatson2i@hud.gov,Male,Jabbercube,"Warner, NH",Chemical Engineer
92,Robin,Green,rgreen2j@technorati.com,Female,Brightbean,"Warner, NH",Pharmacist
93,Sara,Williams,swilliams2k@elpais.com,Female,Rhybox,"Warner, NH",Senior Editor
94,Nancy,Davis,ndavis2l@ask.com,Female,Avaveo,"Warner, NH",Financial Analyst
95,Carlos,Hamilton,chamilton2m@twitter.com,Male,Skinte,"Warner, NH",Recruiting Manager
96,Andrea,Washington,awashington2n@elegantthemes.com,Female,Dabvine,"Warner, NH",Social Worker
97,Gloria,,gbutler2o@shutterfly.com,Female,Gabspot,"Warner, NH",Senior Financial Analyst
98,Harold,Hanson,hhanson2p@ocn.ne.jp,Male,Divape,"Warner, NH",Project Manager
99,Anna,Griffin,agriffin2q@sun.com,Female,Ntags,"Warner, NH",Computer Systems Analyst II
100,Beverly,Lawson,blawson2r@csmonitor.com,Female,Yozio,"Warner, NH",Financial Analyst
101,Jean,Kim,jkim2s@163.com,Female,Skajo,"Warner, NH",Health Coach III
102,Larry,Duncan,lduncan2t@ustream.tv,Male,Flashpoint,"Warner, NH",Account Executive
103,Katherine,Bell,kbell2u@netvibes.com,Female,Quatz,"Warner, NH",Help Desk Technician
104,Arthur,West,awest2v@japanpost.jp,Male,Realbuzz,"Warner, NH",Senior Cost Accountant
105,Evelyn,Cox,ecox2w@jiathis.com,Female,Dynava,"Warner, NH",Chemical Engineer
106,Louise,Hill,lhill2x@telegraph.co.uk,Female,Mita,"Warner, NH",Occupational Therapist
107,Fred,Scott,fscott2y@skyrock.com,Male,Agivu,"Warner, NH",Assistant Manager
108,Gary,Warren,gwarren2z@umich.edu,Male,Podcat,"Warner, NH",Senior Cost Accountant
109,Lisa,Elliott,lelliott30@shinystat.com,Female,Oyoloo,"Warner, NH",Nurse Practicioner
110,Andrea,Wright,awright31@smugmug.com,Female,Quire,"Warner, NH",Project Manager
111,Wanda,Peterson,wpeterson32@netscape.com,Female,Flipbug,"Warner, NH",Accountant II
112,Norma,Garrett,ngarrett33@altervista.org,Female,Youtags,"Warner, NH",Senior Editor
113,Johnny,Elliott,jelliott34@examiner.com,Male,Brainbox,"Warner, NH",Programmer II
114,Maria,Burton,mburton35@ning.com,Female,Skiptube,"Warner, NH",Structural Analysis Engineer
115,Jane,Watson,jwatson36@webmd.com,Female,Realcube,"Warner, NH",General Manager
116,Lois,Brown,lbrown37@over-blog.com,Female,Tagfeed,"Warner, NH",Junior Executive
117,Anne,Armstrong,aarmstrong38@vk.com,Female,Skynoodle,"Warner, NH",Nurse
118,Paula,Sullivan,psullivan39@live.com,Female,Skalith,"Warner, NH",Nuclear Power Engineer
119,Sean,Bowman,sbowman3a@mit.edu,Male,Realmix,"Warner, NH",Clinical Specialist
120,Ryan,Gray,rgray3b@redcross.org,Male,Jabbertype,"Warner, NH",Database Administrator I
121,Nicole,Kelley,nkelley3c@usda.gov,Female,InnoZ,"Warner, NH",Programmer IV
122,Kathryn,Bishop,kbishop3d@google.co.uk,Female,Zoomcast,"Warner, NH",Research Nurse
123,Bonnie,Little,blittle3e@omniture.com,Female,Brainverse,"Warner, NH",Administrative Officer
124,Ryan,Payne,rpayne3f@friendfeed.com,Male,Dynazzy,"Warner, NH",VP Sales
125,Ralph,Ferguson,rferguson3g@twitter.com,Male,Vinder,"Warner, NH",Geologist III
126,Steven,Hunt,shunt3h@thetimes.co.uk,Male,Kanoodle,"Warner, NH",Internal Auditor
127,Robin,Stanley,rstanley3i@goodreads.com,Female,Twitternation,"Warner, NH",Assistant Professor
128,Stephen,Stewart,sstewart3j@washington.edu,Male,Dabshots,"Warner, NH",Account Representative I
129,Shirley,Flores,sflores3k@stumbleupon.com,Female,Topicblab,"Warner, NH",Software Engineer III
130,Irene,Taylor,itaylor3l@hostgator.com,Female,Kwilith,"Warner, NH",Nuclear Power Engineer
131,Aaron,Schmidt,aschmidt3m@wired.com,Male,Wordify,"Warner, NH",Structural Engineer
132,Jacqueline,Adams,jadams3n@msn.com,Female,Brainsphere,"Warner, NH",Safety Technician I
133,Ronald,Crawford,rcrawford3o@senate.gov,Male,Pixonyx,"Warner, NH",Payment Adjustment Coordinator
134,Gary,Clark,gclark3p@altervista.org,Male,Avavee,"Warner, NH",Senior Sales Associate
135,Diana,Lopez,dlopez3q@taobao.com,Female,Realcube,"Warner, NH",VP Marketing
136,Patrick,,pgarza3r@delicious.com,Male,Camido,"Warner, NH",Quality Control Specialist
137,Sandra,Crawford,scrawford3s@nymag.com,Female,Riffpedia,"Warner, NH",Project Manager
138,Benjamin,West,bwest3t@twitter.com,Male,Leexo,"Warner, NH",Product Engineer
139,Stephen,Graham,sgraham3u@google.co.jp,Male,Fadeo,"Warner, NH",
140,Martin,Duncan,mduncan3v@slashdot.org,Male,Buzzster,"Warner, NH",Librarian
141,Stephen,Long,slong3w@smh.com.au,Male,Rhynyx,"Warner, NH",Engineer IV
142,Robert,Kelly,rkelly3x@slashdot.org,Male,Wikivu,"Warner, NH",Electrical Engineer
143,Gary,Foster,gfoster3y@princeton.edu,Male,Skynoodle,"Warner, NH",Systems Administrator III
144,Brenda,Torres,btorres3z@pagesperso-orange.fr,Female,Centidel,"Warner, NH",Director of Sales
145,Joe,Andrews,jandrews40@youku.com,Male,Edgeclub,"Warner, NH",Senior Editor
146,Christine,Elliott,celliott41@unicef.org,Female,Realcube,"Warner, NH",Computer Systems Analyst II
147,Teresa,Martin,tmartin42@washington.edu,Female,Babbleset,"Warner, NH",VP Quality Control
148,Kathryn,Riley,kriley43@etsy.com,Female,Yadel,"Warner, NH",Environmental Tech
149,George,Graham,ggraham44@zimbio.com,Male,Realblab,"Warner, NH",VP Quality Control
150,Bonnie,Perkins,bperkins45@reference.com,Female,Topdrive,"Warner, NH",Quality Engineer
151,Earl,Franklin,efranklin46@sun.com,Male,Katz,"Warner, NH",Nurse
152,Jack,Rogers,jrogers47@utexas.edu,Male,Topicshots,"Warner, NH",Librarian
153,Paula,Bowman,pbowman48@vimeo.com,Female,Devcast,"Warner, NH",Web Designer IV
154,Dorothy,West,dwest49@mozilla.com,Female,Leexo,"Warner, NH",Budget/Accounting Analyst I
155,Philip,Ramos,pramos4a@ihg.com,Male,Trudeo,"Warner, NH",Senior Quality Engineer
156,Bonnie,Bennett,bbennett4b@mtv.com,Female,Bubbletube,"Warner, NH",Staff Accountant I
157,Denise,Castillo,dcastillo4c@buzzfeed.com,Female,Browsedrive,"Warner, NH",Associate Professor
158,Joe,Franklin,jfranklin4d@ted.com,Male,Twitterbridge,"Warner, NH",Registered Nurse
159,Jennifer,Burns,jburns4e@usnews.com,Female,Wikivu,"Warner, NH",Senior Cost Accountant
160,Judy,Mitchell,jmitchell4f@php.net,Female,Feedspan,"Warner, NH",Help Desk Operator
161,Amanda,Lynch,alynch4g@cpanel.net,Female,Zava,"Warner, NH",Product Engineer
162,Brian,Berry,bberry4h@google.de,Male,Lazzy,"Warner, NH",Senior Cost Accountant
163,Martin,Torres,mtorres4i@i2i.jp,Male,Pixope,"Warner, NH",Speech Pathologist
164,Elizabeth,Moore,emoore4j@thetimes.co.uk,Female,Innojam,"Warner, NH",Help Desk Operator
165,Elizabeth,Bishop,ebishop4k@army.mil,Female,Eamia,"Warner, NH",Budget/Accounting Analyst IV
166,Brenda,Mason,bmason4l@sogou.com,Female,Skajo,"Warner, NH",Graphic Designer
167,David,Murphy,dmurphy4m@photobucket.com,Male,Fiveclub,"Warner, NH",Web Developer II
168,Judith,,jsimpson4n@google.com,Female,Katz,"Warner, NH",VP Sales
169,Jessica,Carter,jcarter4o@tripadvisor.com,Female,Browsedrive,"Warner, NH",Nurse
170,Craig,Sanders,csanders4p@nasa.gov,Male,Skidoo,"Warner, NH",Media Manager IV
171,Karen,Perez,kperez4q@bbb.org,Female,Edgewire,"Warner, NH",Web Designer II
172,Annie,Holmes,aholmes4r@exblog.jp,Female,Quinu,"Warner, NH",Registered Nurse
173,Dorothy,Fox,dfox4s@ucsd.edu,Female,Edgeclub,"Warner, NH",Mechanical Systems Engineer
174,Beverly,Crawford,bcrawford4t@ed.gov,Female,Devpoint,"Warner, NH",Sales Representative
175,Bonnie,Marshall,bmarshall4u@meetup.com,Female,Topiclounge,"Warner, NH",Media Manager III
176,Michelle,Armstrong,marmstrong4v@yale.edu,Female,DabZ,"Warner, NH",Environmental Tech
177,Wayne,Jordan,wjordan4w@rakuten.co.jp,Male,Innojam,"Warner, NH",Food Chemist
178,Phyllis,Dixon,pdixon4x@techcrunch.com,Female,Browsedrive,"Warner, NH",Systems Administrator I
179,Philip,Collins,pcollins4y@prweb.com,Male,Wikibox,"Warner, NH",Senior Cost Accountant
180,Stephanie,Robertson,srobertson4z@dot.gov,Female,Zoomzone,"Warner, NH",Assistant Professor
181,Shawn,Mitchell,smitchell50@last.fm,Male,Topdrive,"Warner, NH",Database Administrator I
182,Angela,Martinez,amartinez51@dedecms.com,Female,Bubblebox,"Warner, NH",Civil Engineer
183,Timothy,Garrett,tgarrett52@gizmodo.com,Male,Camimbo,"Warner, NH",Office Assistant III
184,Harry,Kennedy,hkennedy53@soundcloud.com,Male,Oodoo,"Warner, NH",Quality Control Specialist
185,Scott,Gordon,sgordon54@indiegogo.com,Male,Dabjam,"Warner, NH",General Manager
186,Kathleen,Palmer,kpalmer55@google.nl,Female,Yodoo,"Warner, NH",Analog Circuit Design manager
187,Carol,Diaz,cdiaz56@statcounter.com,Female,Yamia,"Warner, NH",Senior Sales Associate
188,Peter,Morrison,pmorrison57@ameblo.jp,Male,Thoughtmix,"Warner, NH",Assistant Professor
189,Marie,Diaz,mdiaz58@wikia.com,Female,Wikivu,"Warner, NH",Marketing Assistant
190,Katherine,Tucker,ktucker59@elpais.com,Female,Aivee,"Warner, NH",Chemical Engineer
191,Todd,Hansen,thansen5a@go.com,Male,Skiba,"Warner, NH",Human Resources Manager
192,Douglas,Gomez,dgomez5b@thetimes.co.uk,Male,Zoomlounge,"Warner, NH",Internal Auditor
193,Ann,Ross,aross5c@wp.com,Female,Cogidoo,"Warner, NH",Quality Engineer
194,Walter,Palmer,wpalmer5d@sitemeter.com,Male,Bubblebox,"Warner, NH",Senior Cost Accountant
195,Clarence,Patterson,cpatterson5e@cafepress.com,Male,Dabvine,"Warner, NH",Compensation Analyst
196,Dennis,Perry,dperry5f@gov.uk,Male,Mymm,"Warner, NH",Quality Control Specialist
197,George,Baker,gbaker5g@shareasale.com,Male,Fivechat,"Warner, NH",Payment Adjustment Coordinator
198,Susan,Patterson,spatterson5h@tuttocitta.it,Female,Jabbersphere,"Warner, NH",Environmental Specialist
199,David,Wells,dwells5i@instagram.com,Male,Babblestorm,"Warner, NH",Cost Accountant
200,Christopher,Gray,cgray5j@senate.gov,Male,Jaxspan,"Warner, NH",Human Resources Manager
201,Ralph,Richards,rrichards5k@reference.com,Male,Yamia,"Warner, NH",Sales Representative
202,Arthur,Wells,awells5l@wired.com,Male,Skajo,"Warner, NH",Professor
203,Kevin,Morrison,kmorrison5m@google.com,Male,Mymm,"Warner, NH",Quality Control Specialist
204,Debra,Armstrong,darmstrong5n@columbia.edu,Female,Youbridge,"Warner, NH",Executive Secretary
205,Ryan,Alexander,ralexander5o@ihg.com,Male,Meemm,"Warner, NH",Nuclear Power Engineer
206,Julie,Jordan,jjordan5p@hostgator.com,Female,Trilia,"Warner, NH",Junior Executive
207,Louise,Campbell,lcampbell5q@virginia.edu,Female,Voolia,"Warner, NH",Chief Design Engineer
208,Jack,Duncan,jduncan5r@technorati.com,Male,Twitternation,"Warner, NH",Nurse
209,Teresa,Taylor,ttaylor5s@samsung.com,Female,Rooxo,"Warner, NH",Web Designer IV
210,Victor,King,vking5t@ted.com,Male,Skinder,"Warner, NH",Pharmacist
211,Linda,Fuller,lfuller5u@privacy.gov.au,Female,Yata,"Warner, NH",Structural Analysis Engineer
212,Lawrence,Watkins,lwatkins5v@gizmodo.com,Male,Quatz,"Warner, NH",Tax Accountant
213,David,Holmes,dholmes5w@ebay.com,Male,Twitterwire,"Warner, NH",Environmental Tech
214,Ann,Griffin,agriffin5x@twitter.com,Female,Vitz,"Warner, NH",Project Manager
215,Lillian,Ford,lford5y@shop-pro.jp,Female,Innotype,"Warner, NH",Assistant Media Planner
216,Amy,Gibson,agibson5z@ucsd.edu,Female,Chatterpoint,"Warner, NH",Registered Nurse
217,Anthony,Harper,aharper60@infoseek.co.jp,Male,Omba,"Warner, NH",Account Representative I
218,Nicole,Adams,nadams61@bigcartel.com,Female,Oozz,"Warner, NH",Safety Technician III
219,Harry,Butler,hbutler62@parallels.com,Male,Aimbo,"Warner, NH",Financial Advisor
220,Marilyn,Palmer,mpalmer63@cafepress.com,Female,Browsebug,"Warner, NH",Database Administrator IV
221,Phillip,Woods,pwoods64@infoseek.co.jp,Male,Skiba,"Warner, NH",Associate Professor
222,Deborah,Green,dgreen65@a8.net,Female,Twimm,"Warner, NH",Geologist II
223,Evelyn,Rodriguez,erodriguez66@amazon.co.jp,Female,Skinix,"Warner, NH",Occupational Therapist
224,Kevin,Jenkins,kjenkins67@marriott.com,Male,Flashset,"Warner, NH",VP Sales
225,Maria,White,mwhite68@networksolutions.com,Female,Meevee,"Warner, NH",Help Desk Operator
226,Michael,Hernandez,mhernandez69@cargocollective.com,Male,Topiclounge,"Warner, NH",Marketing Assistant
227,Benjamin,Peters,bpeters6a@dell.com,Male,Gabvine,"Warner, NH",Staff Scientist
228,Marilyn,Knight,mknight6b@nsw.gov.au,Female,Blogtags,"Warner, NH",Junior Executive
229,Jane,Fields,jfields6c@usgs.gov,Female,Izio,"Warner, NH",Senior Cost Accountant
230,Eric,Garza,egarza6d@wikimedia.org,Male,Youopia,"Warner, NH",Paralegal
231,Doris,Flores,dflores6e@chicagotribune.com,Female,Twimbo,"Warner, NH",Chief Design Engineer
232,Maria,Sanders,msanders6f@mapquest.com,Female,Skibox,"Warner, NH",Associate Professor
233,Mark,Snyder,msnyder6g@wikipedia.org,Male,Meejo,"Warner, NH",Biostatistician I
234,Wayne,Jacobs,wjacobs6h@sourceforge.net,Male,Photofeed,"Warner, NH",Marketing Assistant
235,Katherine,Grant,kgrant6i@netvibes.com,Female,Oozz,"Warner, NH",Assistant Professor
236,David,Elliott,delliott6j@ycombinator.com,Male,Skiba,"Warner, NH",Environmental Specialist
237,David,Boyd,dboyd6k@google.nl,Male,Trupe,"Warner, NH",Physical Therapy Assistant
238,Larry,Freeman,lfreeman6l@shutterfly.com,Male,Demivee,"Warner, NH",Structural Engineer
239,Eugene,Morgan,emorgan6m@blogs.com,Male,Realfire,"Warner, NH",Senior Cost Accountant
240,Jennifer,Romero,jromero6n@psu.edu,Female,Devshare,"Warner, NH",Account Representative I
241,Andrew,Grant,agrant6o@plala.or.jp,Male,Photobean,"Warner, NH",Analog Circuit Design manager
242,Cynthia,Hansen,chansen6p@sourceforge.net,Female,Twitterwire,"Warner, NH",Chief Design Engineer
243,Billy,Cook,bcook6q@symantec.com,Male,Yakijo,"Warner, NH",Nurse Practicioner
244,Mary,Ryan,mryan6r@kickstarter.com,Female,Linkbridge,"Warner, NH",Media Manager IV
245,Sandra,Davis,sdavis6s@who.int,Female,Demimbu,"Warner, NH",Food Chemist
246,Martha,Fox,mfox6t@soup.io,Female,Voonix,"Warner, NH",Director of Sales
247,Jane,Porter,jporter6u@deviantart.com,Female,Flashspan,"Warner, NH",Human Resources Assistant II
248,Louise,Hudson,lhudson6v@yolasite.com,Female,Livetube,"Warner, NH",Civil Engineer
249,Barbara,Greene,bgreene6w@ustream.tv,Female,Mynte,"Warner, NH",Biostatistician II
250,Douglas,Burton,dburton6x@weibo.com,Male,Oloo,"Warner, NH",Staff Accountant II
251,Phillip,Burke,pburke6y@google.ca,Male,Yamia,"Warner, NH",Civil Engineer
252,Alan,Diaz,adiaz6z@adobe.com,Male,Wikizz,"Warner, NH",Software Consultant
253,Denise,Meyer,dmeyer70@virginia.edu,Female,Bubbletube,"Warner, NH",Senior Developer
254,Wayne,Long,wlong71@dmoz.org,Male,Kwimbee,"Warner, NH",Compensation Analyst
255,Craig,Miller,cmiller72@bbb.org,Male,Wikizz,"Warner, NH",Associate Professor
256,Billy,Morgan,bmorgan73@google.ru,Male,Yabox,"Warner, NH",Systems Administrator IV
257,Barbara,Hunter,bhunter74@fema.gov,Female,Bubblebox,"Warner, NH",Computer Systems Analyst IV
258,Diana,Hill,dhill75@msn.com,Female,Tagfeed,"Warner, NH",Desktop Support Technician
259,Bonnie,Adams,badams76@webnode.com,Female,Tanoodle,"Warner, NH",
260,Rachel,Garcia,rgarcia77@nyu.edu,Female,Skippad,"Warner, NH",Analog Circuit Design manager
261,Marie,Jacobs,mjacobs78@rakuten.co.jp,Female,Flashdog,"Warner, NH",General Manager
262,Brian,Palmer,bpalmer79@nature.com,Male,Twitternation,"Warner, NH",Office Assistant II
263,Philip,Jordan,pjordan7a@arstechnica.com,Male,Voomm,"Warner, NH",Registered Nurse
264,Michael,Evans,mevans7b@ning.com,Male,Dazzlesphere,"Warner, NH",
265,Kevin,Collins,kcollins7c@examiner.com,Male,Blogpad,"Warner, NH",VP Sales
266,Barbara,Romero,bromero7d@amazon.com,Female,Quinu,"Warner, NH",Paralegal
267,Joshua,Lynch,jlynch7e@marketwatch.com,Male,Babbleblab,"Warner, NH",Financial Advisor
268,Kathryn,Ferguson,kferguson7f@latimes.com,Female,Voomm,"Warner, NH",Marketing Assistant
269,Julia,Greene,jgreene7g@ft.com,Female,Roomm,"Warner, NH",Desktop Support Technician
270,Catherine,Richards,crichards7h@dell.com,Female,Skyba,"Warner, NH",Statistician I
271,Kimberly,Robinson,krobinson7i@foxnews.com,Female,Tambee,"Warner, NH",Nurse Practicioner
272,Mark,Carter,mcarter7j@nbcnews.com,Male,Twitterworks,"Warner, NH",Account Executive
273,Tina,Hunter,thunter7k@sogou.com,Female,Realpoint,"Warner, NH",Developer IV
274,Mark,Gonzales,mgonzales7l@scribd.com,Male,Tanoodle,"Warner, NH",Structural Analysis Engineer
275,Katherine,Cox,kcox7m@dailymotion.com,Female,Bluezoom,"Warner, NH",Senior Cost Accountant
276,Anthony,Reynolds,areynolds7n@edublogs.org,Male,Devify,"Warner, NH",
277,Lori,Lane,llane7o@ftc.gov,Female,Skiba,"Warner, NH",Office Assistant I
278,Craig,Evans,cevans7p@rakuten.co.jp,Male,Miboo,"Warner, NH",Mechanical Systems Engineer
279,Julia,Fox,jfox7q@bing.com,Female,Mita,"Warner, NH",Food Chemist
280,Jesse,Johnston,jjohnston7r@unc.edu,Male,Topicstorm,"Warner, NH",Associate Professor
281,Henry,Cole,hcole7s@time.com,Male,Gigashots,"Warner, NH",
282,Donald,Kennedy,dkennedy7t@telegraph.co.uk,Male,Wikizz,"Warner, NH",Budget/Accounting Analyst III
283,Stephen,Jordan,sjordan7u@barnesandnoble.com,Male,Midel,"Warner, NH",Research Associate
284,Dorothy,Perez,dperez7v@smh.com.au,Female,Skidoo,"Warner, NH",Research Associate
285,Alan,Kelly,akelly7w@reddit.com,Male,Realbridge,"Warner, NH",Desktop Support Technician
286,Adam,Brown,abrown7x@friendfeed.com,Male,Jamia,"Warner, NH",
287,Michael,Boyd,mboyd7y@telegraph.co.uk,Male,LiveZ,"Warner, NH",Geological Engineer
288,James,Garza,jgarza7z@wunderground.com,Male,Thoughtblab,"Warner, NH",Statistician III
289,Annie,Howell,ahowell80@blogs.com,Female,Dynazzy,"Warner, NH",Registered Nurse
290,Mildred,Andrews,mandrews81@shutterfly.com,Female,Viva,"Warner, NH",Statistician II
291,Janet,Fisher,jfisher82@smugmug.com,Female,Tagpad,"Warner, NH",Office Assistant I
292,Debra,Wilson,dwilson83@dyndns.org,Female,Linkbridge,"Warner, NH",Safety Technician III
293,Thomas,Morgan,tmorgan84@slate.com,Male,Gigabox,"Warner, NH",Staff Accountant II
294,Rebecca,Ryan,rryan85@homestead.com,Female,Skinder,"Warner, NH",Civil Engineer
295,Daniel,Garza,dgarza86@reddit.com,Male,Zoombox,"Warner, NH",Quality Engineer
296,Gloria,Perez,gperez87@indiatimes.com,Female,Ailane,"Warner, NH",General Manager
297,Clarence,Mccoy,cmccoy88@rambler.ru,Male,Innotype,"Warner, NH",Geologist IV
298,Bruce,Bradley,bbradley89@google.ru,Male,Jabbertype,"Warner, NH",Recruiting Manager
299,Raymond,Cox,rcox8a@patch.com,Male,Janyx,"Warner, NH",Actuary
300,Craig,Wood,cwood8b@squidoo.com,Male,Feedmix,"Warner, NH",Editor
301,Diane,Lawrence,dlawrence8c@wordpress.org,Female,Edgeify,"Warner, NH",Database Administrator IV
302,Barbara,Rose,brose8d@shinystat.com,Female,Fivebridge,"Warner, NH",Web Designer I
303,Irene,Snyder,isnyder8e@mozilla.com,Female,Livetube,"Warner, NH",Structural Analysis Engineer
304,Cheryl,Lawson,clawson8f@psu.edu,Female,Dabjam,"Warner, NH",Paralegal
305,Sara,Edwards,sedwards8g@themeforest.net,Female,Dabtype,"Warner, NH",Marketing Assistant
306,Edward,Gonzalez,egonzalez8h@google.nl,Male,Topiclounge,"Warner, NH",
307,Margaret,Miller,mmiller8i@digg.com,Female,BlogXS,"Warner, NH",Senior Sales Associate
308,Gerald,Hunter,ghunter8j@unblog.fr,Male,Viva,"Warner, NH",Help Desk Operator
309,Bonnie,Parker,bparker8k@unesco.org,Female,Jabberbean,"Warner, NH",Research Associate
310,Phyllis,Sanchez,psanchez8l@japanpost.jp,Female,Youopia,"Warner, NH",Systems Administrator I
311,Christina,Cooper,ccooper8m@fda.gov,Female,Viva,"Warner, NH",Office Assistant I
312,Barbara,Stone,bstone8n@ning.com,Female,Divanoodle,"Warner, NH",Biostatistician II
313,Andrew,Bell,abell8o@jigsy.com,Male,Yotz,"Warner, NH",Nurse Practicioner
314,James,Anderson,janderson8p@wordpress.com,Male,Buzzdog,"Warner, NH",Actuary
315,Shirley,Lynch,slynch8q@spiegel.de,Female,Thoughtbridge,"Warner, NH",Environmental Specialist
316,Joseph,West,jwest8r@comcast.net,Male,Tagfeed,"Warner, NH",Assistant Media Planner
317,Jose,Freeman,jfreeman8s@fotki.com,Male,Kayveo,"Warner, NH",Environmental Specialist
318,Beverly,Holmes,bholmes8t@loc.gov,Female,Kaymbo,"Warner, NH",Nurse Practicioner
319,Kathleen,Vasquez,kvasquez8u@drupal.org,Female,Voonyx,"Warner, NH",Community Outreach Specialist
320,Diane,Carroll,dcarroll8v@ifeng.com,Female,Latz,"Warner, NH",Engineer I
321,Ronald,Mcdonald,rmcdonald8w@csmonitor.com,Male,Blogtags,"Warner, NH",Engineer I
322,Jonathan,Powell,jpowell8x@studiopress.com,Male,Rhycero,"Warner, NH",Analog Circuit Design manager
323,Timothy,Scott,tscott8y@redcross.org,Male,Zoovu,"Warner, NH",Recruiter
324,Eugene,Graham,egraham8z@xinhuanet.com,Male,Centidel,"Warner, NH",VP Quality Control
325,Anne,Burton,aburton90@theglobeandmail.com,Female,Tavu,"Warner, NH",Cost Accountant
326,Melissa,Long,mlong91@altervista.org,Female,Vipe,"Warner, NH",Accounting Assistant III
327,Annie,Ruiz,aruiz92@eventbrite.com,Female,Tagtune,"Warner, NH",Business Systems Development Analyst
328,Paul,Fields,pfields93@barnesandnoble.com,Male,Thoughtblab,"Warner, NH",Senior Developer
329,Katherine,Hudson,khudson94@bigcartel.com,Female,Twinte,"Warner, NH",Marketing Assistant
330,Anne,Rodriguez,arodriguez95@people.com.cn,Female,Zoovu,"Warner, NH",Programmer I
331,Ann,Smith,asmith96@multiply.com,Female,Livetube,"Warner, NH",Chemical Engineer
332,Antonio,Hughes,ahughes97@abc.net.au,Male,Jamia,"Warner, NH",Information Systems Manager
333,Brenda,Bowman,bbowman98@yahoo.com,Female,Camido,"Warner, NH",Geologist IV
334,Eric,Duncan,eduncan99@eventbrite.com,Male,Camido,"Warner, NH",Associate Professor
335,Antonio,,awatson9a@xing.com,Male,Photofeed,"Warner, NH",Food Chemist
336,Lillian,Marshall,lmarshall9b@cnet.com,Female,Flipopia,"Warner, NH",Senior Cost Accountant
337,Bruce,Rogers,brogers9c@pen.io,Male,Tagchat,"Warner, NH",Chief Design Engineer
338,Alice,Howard,ahoward9d@163.com,Female,Jamia,"Warner, NH",Research Associate
339,Judy,Ford,jford9e@samsung.com,Female,Realbuzz,"Warner, NH",Director of Sales
340,Lawrence,Frazier,lfrazier9f@artisteer.com,Male,Yombu,"Warner, NH",Database Administrator I
341,Martin,Lawson,mlawson9g@dailymotion.com,Male,Blognation,"Warner, NH",Analog Circuit Design manager
342,Anne,Watson,awatson9h@state.gov,Female,Edgeclub,"Warner, NH",Environmental Specialist
343,Jessica,Owens,jowens9i@irs.gov,Female,Thoughtsphere,"Warner, NH",Environmental Tech
344,Gary,Murray,gmurray9j@amazon.com,Male,Yozio,"Warner, NH",Environmental Tech
345,Helen,,hharrison9k@ovh.net,Female,Pixoboo,"Warner, NH",Data Coordiator
346,Ryan,Kelley,rkelley9l@studiopress.com,Male,Eire,"Warner, NH",Structural Analysis Engineer
347,Barbara,Fuller,bfuller9m@ucla.edu,Female,Thoughtbridge,"Warner, NH",Cost Accountant
348,Virginia,Little,vlittle9n@desdev.cn,Female,Photospace,"Warner, NH",Research Nurse
349,Carlos,Fox,cfox9o@360.cn,Male,Oloo,"Warner, NH",Recruiter
350,Janice,Hernandez,jhernandez9p@yahoo.co.jp,Female,Voonder,"Warner, NH",Sales Associate
351,Marilyn,Lewis,mlewis9q@washingtonpost.com,Female,Riffpath,"Warner, NH",Nuclear Power Engineer
352,Nicole,Gardner,ngardner9r@bing.com,Female,Quinu,"Warner, NH",Budget/Accounting Analyst IV
353,Adam,Garrett,agarrett9s@shareasale.com,Male,Tagchat,"Warner, NH",Quality Engineer
354,Judith,Willis,jwillis9t@ucoz.com,Female,Shuffledrive,"Warner, NH",VP Marketing
355,Anthony,Reynolds,areynolds9u@illinois.edu,Male,Roomm,"Warner, NH",VP Marketing
356,Carolyn,Flores,cflores9v@feedburner.com,Female,Kaymbo,"Warner, NH",Social Worker
357,Sarah,Anderson,sanderson9w@yellowpages.com,Female,Realmix,"Warner, NH",Junior Executive
358,Ernest,Reynolds,ereynolds9x@microsoft.com,Male,Thoughtstorm,"Warner, NH",Compensation Analyst
359,Kenneth,Stevens,kstevens9y@gov.uk,Male,Aivee,"Warner, NH",Geologist III
360,James,Harris,jharris9z@comsenz.com,Male,Skalith,"Warner, NH",Senior Quality Engineer
361,William,Sanders,wsandersa0@shutterfly.com,Male,Katz,"Warner, NH",GIS Technical Architect
362,Martha,Black,mblacka1@nationalgeographic.com,Female,Shuffledrive,"Warner, NH",
363,Janice,Day,jdaya2@unc.edu,Female,Topicware,"Warner, NH",Executive Secretary
364,Carl,Chavez,cchaveza3@cpanel.net,Male,Feedfish,"Warner, NH",Assistant Manager
365,Deborah,Cooper,dcoopera4@free.fr,Female,Skiba,"Warner, NH",Dental Hygienist
366,Fred,Gonzales,fgonzalesa5@themeforest.net,Male,Jabberstorm,"Warner, NH",Technical Writer
367,Terry,Martinez,tmartineza6@mail.ru,Male,Thoughtstorm,"Warner, NH",Account Executive
368,Teresa,Wright,twrighta7@sciencedaily.com,Female,Topiclounge,"Warner, NH",Mechanical Systems Engineer
369,Brian,Woods,bwoodsa8@ameblo.jp,Male,Realblab,"Warner, NH",Safety Technician III
370,Jessica,Hawkins,jhawkinsa9@nyu.edu,Female,Photofeed,"Warner, NH",Budget/Accounting Analyst III
371,Willie,Meyer,wmeyeraa@hubpages.com,Male,Jazzy,"Warner, NH",Occupational Therapist
372,Susan,Brooks,sbrooksab@infoseek.co.jp,Female,Voonix,"Warner, NH",Analog Circuit Design manager
373,David,Bailey,dbaileyac@flickr.com,Male,Browsetype,"Warner, NH",Geologist IV
374,Jesse,Barnes,jbarnesad@csmonitor.com,Male,Topicblab,"Warner, NH",Graphic Designer
375,Victor,Weaver,vweaverae@yolasite.com,Male,Talane,"Warner, NH",Chief Design Engineer
376,Julie,Kelley,jkelleyaf@arizona.edu,Female,Quinu,"Warner, NH",Environmental Tech
377,George,Mason,gmasonag@fc2.com,Male,InnoZ,"Warner, NH",Programmer Analyst IV
378,Donald,Garcia,dgarciaah@sogou.com,Male,Photolist,"Warner, NH",Sales Associate
379,Katherine,Wallace,kwallaceai@statcounter.com,Female,Flipbug,"Warner, NH",Software Consultant
380,Mary,Kelly,mkellyaj@cnet.com,Female,Dabshots,"Warner, NH",Research Associate
381,Lori,Reid,lreidak@google.com.hk,Female,Twitterworks,"Warner, NH",Nurse Practicioner
382,Harry,Banks,hbanksal@taobao.com,Male,Yamia,"Warner, NH",Food Chemist
383,Ruth,Griffin,rgriffinam@imdb.com,Female,Roodel,"Warner, NH",Help Desk Operator
384,Tammy,Fuller,tfulleran@fc2.com,Female,Tagchat,"Warner, NH",Environmental Tech
385,Clarence,Sullivan,csullivanao@omniture.com,Male,Jabberstorm,"Warner, NH",Senior Quality Engineer
386,Teresa,Parker,tparkerap@nih.gov,Female,Oozz,"Warner, NH",Operator
387,Joyce,Lopez,jlopezaq@vistaprint.com,Female,Teklist,"Warner, NH",Electrical Engineer
388,Roy,Gonzalez,rgonzalezar@mozilla.com,Male,Kwideo,"Warner, NH",Electrical Engineer
389,Charles,Hamilton,chamiltonas@stanford.edu,Male,Shufflester,"Warner, NH",Account Executive
390,Jerry,Crawford,jcrawfordat@ox.ac.uk,Male,Twimbo,"Warner, NH",Account Representative I
391,John,,jjacksonau@usgs.gov,Male,Twitterworks,"Warner, NH",Database Administrator I
392,Steven,Rivera,sriveraav@washington.edu,Male,Gigazoom,"Warner, NH",Actuary
393,Judy,Chapman,jchapmanaw@canalblog.com,Female,Photofeed,"Warner, NH",Senior Editor
394,Gary,Kelley,gkelleyax@prlog.org,Male,Yabox,"Warner, NH",Chief Design Engineer
395,Albert,Robertson,arobertsonay@virginia.edu,Male,Npath,"Warner, NH",Financial Advisor
396,Keith,Bennett,kbennettaz@list-manage.com,Male,Muxo,"Warner, NH",Account Coordinator
397,Louis,Cole,lcoleb0@sina.com.cn,Male,Npath,"Warner, NH",Occupational Therapist
398,Jesse,Oliver,joliverb1@virginia.edu,Male,Avavee,"Warner, NH",
399,Charles,Austin,caustinb2@360.cn,Male,Youfeed,"Warner, NH",Project Manager
400,John,Peters,jpetersb3@multiply.com,Male,Brainverse,"Warner, NH",Pharmacist
401,Adam,Mitchell,amitchellb4@usgs.gov,Male,Rhyloo,"Warner, NH",
402,Adam,Woods,awoodsb5@bloglines.com,Male,Ntag,"Warner, NH",General Manager
403,Cheryl,Burke,cburkeb6@mlb.com,Female,Kazio,"Warner, NH",Account Coordinator
404,Teresa,Robertson,trobertsonb7@zimbio.com,Female,Devpulse,"Warner, NH",Graphic Designer
405,Judy,Bailey,jbaileyb8@nps.gov,Female,Shufflebeat,"Warner, NH",VP Accounting
406,Harry,Hernandez,hhernandezb9@clickbank.net,Male,Riffpath,"Warner, NH",Teacher
407,Bonnie,George,bgeorgeba@europa.eu,Female,Plambee,"Warner, NH",Director of Sales
408,Dorothy,Gray,dgraybb@prweb.com,Female,Vipe,"Warner, NH",Registered Nurse
409,Raymond,Powell,rpowellbc@ibm.com,Male,Dynazzy,"Warner, NH",Physical Therapy Assistant
410,Marilyn,Alexander,malexanderbd@zdnet.com,Female,Photospace,"Warner, NH",Human Resources Manager
411,Lawrence,Frazier,lfrazierbe@studiopress.com,Male,Gabcube,"Warner, NH",Mechanical Systems Engineer
412,Kathryn,Williams,kwilliamsbf@wsj.com,Female,Gabtype,"Warner, NH",Internal Auditor
413,Roy,Riley,rrileybg@blinklist.com,Male,Wordware,"Warner, NH",Administrative Assistant II
414,Marie,Chavez,mchavezbh@networkadvertising.org,Female,Ailane,"Warner, NH",Environmental Specialist
415,Samuel,Burns,sburnsbi@google.de,Male,Realfire,"Warner, NH",GIS Technical Architect
416,Peter,Wheeler,pwheelerbj@aol.com,Male,Twitterlist,"Warner, NH",Compensation Analyst
417,Chris,Garcia,cgarciabk@artisteer.com,Male,Flashspan,"Warner, NH",Teacher
418,Norma,Ray,nraybl@homestead.com,Female,Tambee,"Warner, NH",Assistant Media Planner
419,Scott,Butler,sbutlerbm@sakura.ne.jp,Male,Yakijo,"Warner, NH",Human Resources Manager
420,Terry,Graham,tgrahambn@google.ca,Male,Devshare,"Warner, NH",Statistician III
421,Denise,Alexander,dalexanderbo@rediff.com,Female,Riffpath,"Warner, NH",Geological Engineer
422,Todd,Garrett,tgarrettbp@cisco.com,Male,DabZ,"Warner, NH",Clinical Specialist
423,Kathryn,Ford,kfordbq@wufoo.com,Female,Yambee,"Warner, NH",Assistant Media Planner
424,Sharon,Hall,shallbr@prweb.com,Female,Tazzy,"Warner, NH",Senior Quality Engineer
425,Pamela,Meyer,pmeyerbs@un.org,Female,Kwimbee,"Warner, NH",Staff Scientist
426,Jonathan,Fuller,jfullerbt@huffingtonpost.com,Male,Twimbo,"Warner, NH",Statistician II
427,Roy,Brooks,rbrooksbu@slate.com,Male,Brightdog,"Warner, NH",Senior Editor
428,Benjamin,Cruz,bcruzbv@moonfruit.com,Male,Realblab,"Warner, NH",Community Outreach Specialist
429,Raymond,West,rwestbw@noaa.gov,Male,Dabtype,"Warner, NH",Office Assistant II
430,Gloria,Day,gdaybx@cornell.edu,Female,Kanoodle,"Warner, NH",Account Executive
431,Ernest,Lee,eleeby@noaa.gov,Male,Fiveclub,"Warner, NH",Senior Quality Engineer
432,Jean,Dean,jdeanbz@mit.edu,Female,Dynava,"Warner, NH",Senior Cost Accountant
433,Denise,Moreno,dmorenoc0@ehow.com,Female,Mymm,"Warner, NH",Systems Administrator II
434,Philip,Henderson,phendersonc1@mashable.com,Male,Cogilith,"Warner, NH",Account Executive
435,Joan,Henry,jhenryc2@dyndns.org,Female,Photolist,"Warner, NH",Quality Engineer
436,Wayne,Evans,wevansc3@home.pl,Male,Yakidoo,"Warner, NH",
437,Louise,,lfrazierc4@illinois.edu,Female,Youfeed,"Warner, NH",Administrative Officer
438,Joan,Patterson,jpattersonc5@indiegogo.com,Female,Brightbean,"Warner, NH",Geologist IV
439,Norma,Cook,ncookc6@japanpost.jp,Female,Rooxo,"Warner, NH",Programmer Analyst I
440,Roger,Fuller,rfullerc7@globo.com,Male,Skivee,"Warner, NH",Developer II
441,Mildred,Jones,mjonesc8@bing.com,Female,Linktype,"Warner, NH",Payment Adjustment Coordinator
442,Gary,Garza,ggarzac9@hexun.com,Male,Twitterlist,"Warner, NH",Accounting Assistant III
443,Donna,Turner,dturnerca@tmall.com,Female,Brightdog,"Warner, NH",Accountant II
444,Antonio,Robinson,arobinsoncb@jugem.jp,Male,Blogtags,"Warner, NH",Nuclear Power Engineer
445,George,Day,gdaycc@xrea.com,Male,Skimia,"Warner, NH",Nuclear Power Engineer
446,Catherine,Hamilton,chamiltoncd@digg.com,Female,Tazzy,"Warner, NH",Business Systems Development Analyst
447,Louise,Carter,lcarterce@sohu.com,Female,Yakidoo,"Warner, NH",Financial Advisor
448,Juan,Dixon,jdixoncf@statcounter.com,Male,Tagpad,"Warner, NH",Engineer I
449,Sharon,Gutierrez,sgutierrezcg@toplist.cz,Female,Meemm,"Warner, NH",Registered Nurse
450,Doris,Butler,dbutlerch@skype.com,Female,Omba,"Warner, NH",Office Assistant I
451,Karen,Fuller,kfullerci@fema.gov,Female,Plajo,"Warner, NH",Statistician IV
452,Arthur,Cooper,acoopercj@tumblr.com,Male,Tanoodle,"Warner, NH",Design Engineer
453,Anna,Howell,ahowellck@amazon.de,Female,Yoveo,"Warner, NH",Research Associate
454,Judy,Kim,jkimcl@google.co.uk,Female,Trilith,"Warner, NH",Actuary
455,Bonnie,Hamilton,bhamiltoncm@nbcnews.com,Female,Buzzdog,"Warner, NH",Administrative Officer
456,Bonnie,Lawrence,blawrencecn@ehow.com,Female,Wordware,"Warner, NH",Analyst Programmer
457,Howard,Jordan,hjordanco@wordpress.org,Male,Blognation,"Warner, NH",Analog Circuit Design manager
458,Kathy,Castillo,kcastillocp@cbc.ca,Female,Browsecat,"Warner, NH",Compensation Analyst
459,Kimberly,Alexander,kalexandercq@ifeng.com,Female,Bubblebox,"Warner, NH",Help Desk Operator
460,Phillip,Gomez,pgomezcr@posterous.com,Male,Devify,"Warner, NH",Junior Executive
461,Jonathan,Peterson,jpetersoncs@acquirethisname.com,Male,Lajo,"Warner, NH",Research Nurse
462,Carlos,Lawson,clawsonct@multiply.com,Male,Wikizz,"Warner, NH",Food Chemist
463,Marie,Stephens,mstephenscu@parallels.com,Female,Cogidoo,"Warner, NH",VP Quality Control
464,Mary,Clark,mclarkcv@liveinternet.ru,Female,Quimba,"Warner, NH",Staff Accountant I
465,Karen,Moreno,kmorenocw@aol.com,Female,Blogtags,"Warner, NH",Marketing Assistant
466,Sean,Oliver,solivercx@stumbleupon.com,Male,Oyope,"Warner, NH",Civil Engineer
467,Debra,Lopez,dlopezcy@topsy.com,Female,Npath,"Warner, NH",Office Assistant II
468,Carol,Bowman,cbowmancz@ifeng.com,Female,Twitterworks,"Warner, NH",Nurse Practicioner
469,Wanda,Baker,wbakerd0@blogtalkradio.com,Female,Agivu,"Warner, NH",Librarian
470,Christopher,Morales,cmoralesd1@so-net.ne.jp,Male,Npath,"Warner, NH",Actuary
471,Virginia,Reed,vreedd2@nyu.edu,Female,Bluejam,"Warner, NH",Editor
472,Gary,Rose,grosed3@canalblog.com,Male,Eamia,"Warner, NH",Automation Specialist III
473,Ruth,Mason,rmasond4@paypal.com,Female,Agivu,"Warner, NH",Professor
474,Kimberly,Carroll,kcarrolld5@weather.com,Female,Gigabox,"Warner, NH",Sales Associate
475,Jeremy,Roberts,jrobertsd6@rambler.ru,Male,Talane,"Warner, NH",Project Manager
476,Roger,Black,rblackd7@amazonaws.com,Male,Voonte,"Warner, NH",Budget/Accounting Analyst III
477,Cynthia,Cook,ccookd8@upenn.edu,Female,Flashspan,"Warner, NH",Product Engineer
478,Bruce,Kelley,bkelleyd9@myspace.com,Male,Muxo,"Warner, NH",Research Associate
479,Craig,Rivera,criverada@house.gov,Male,Blogpad,"Warner, NH",Chief Design Engineer
480,Alan,Ramirez,aramirezdb@apple.com,Male,Yakitri,"Warner, NH",Systems Administrator III
481,Robert,Sanders,rsandersdc@columbia.edu,Male,Ainyx,"Warner, NH",Director of Sales
482,Randy,Nguyen,rnguyendd@netvibes.com,Male,Twitterbeat,"Warner, NH",Civil Engineer
483,Joan,Wright,jwrightde@fotki.com,Female,Jaxbean,"Warner, NH",Research Assistant III
484,Judith,Day,jdaydf@marketwatch.com,Female,Oodoo,"Warner, NH",Data Coordiator
485,Shawn,Hanson,shansondg@indiegogo.com,Male,Leenti,"Warner, NH",Compensation Analyst
486,Wanda,Smith,wsmithdh@state.tx.us,Female,Realcube,"Warner, NH",Information Systems Manager
487,Frances,Moreno,fmorenodi@mysql.com,Female,Dynazzy,"Warner, NH",Senior Editor
488,Harold,Sanders,hsandersdj@uol.com.br,Male,Realblab,"Warner, NH",Marketing Manager
489,Pamela,Nelson,pnelsondk@sogou.com,Female,Rhynyx,"Warner, NH",GIS Technical Architect
490,Cheryl,Lopez,clopezdl@github.io,Female,Twitterwire,"Warner, NH",Senior Cost Accountant
491,Dennis,Porter,dporterdm@angelfire.com,Male,Rhynoodle,"Warner, NH",Structural Engineer
492,Cynthia,Spencer,cspencerdn@illinois.edu,Female,Roomm,"Warner, NH",Operator
493,Rose,Williamson,rwilliamsondo@chronoengine.com,Female,Dynabox,"Warner, NH",Teacher
494,Brian,Lee,bleedp@theguardian.com,Male,Trudoo,"Warner, NH",Safety Technician IV
495,Paula,Ray,praydq@sbwire.com,Female,Thoughtbridge,"Warner, NH",Speech Pathologist
496,Phyllis,Banks,pbanksdr@indiatimes.com,Female,Vipe,"Warner, NH",Programmer Analyst IV
497,Stephanie,Williamson,swilliamsonds@aboutads.info,Female,Demivee,"Warner, NH",Account Executive
498,Deborah,Gonzales,dgonzalesdt@fema.gov,Female,Tavu,"Warner, NH",Software Engineer II
499,Dorothy,Castillo,dcastillodu@slate.com,Female,Mydo,"Warner, NH",Research Nurse
500,Anna,Fuller,afullerdv@shutterfly.com,Female,Topicshots,"Warner, NH",Editor
501,Louis,Ray,lraydw@deviantart.com,Male,Omba,"Warner, NH",Analog Circuit Design manager
502,Helen,Kennedy,hkennedydx@parallels.com,Female,Photobug,"Warner, NH",Senior Cost Accountant
503,George,Perkins,gperkinsdy@scientificamerican.com,Male,Trudoo,"Warner, NH",Web Designer III
504,Sara,Griffin,sgriffindz@dagondesign.com,Female,Centidel,"Warner, NH",Environmental Tech
505,Jimmy,Carr,jcarre0@yellowbook.com,Male,Brainverse,"Warner, NH",Analog Circuit Design manager
506,Harry,Hughes,hhughese1@newyorker.com,Male,Zoovu,"Warner, NH",Civil Engineer
507,Beverly,Edwards,bedwardse2@mtv.com,Female,Browsebug,"Warner, NH",Graphic Designer
508,Norma,George,ngeorgee3@pagesperso-orange.fr,Female,Blognation,"Warner, NH",Analyst Programmer
509,Aaron,Adams,aadamse4@dyndns.org,Male,Fivespan,"Warner, NH",Account Representative II
510,Judith,Fisher,jfishere5@tinyurl.com,Female,Yakijo,"Warner, NH",Geological Engineer
511,Phillip,Turner,pturnere6@businessweek.com,Male,Flashset,"Warner, NH",Assistant Media Planner
512,Martha,Chavez,mchaveze7@state.tx.us,Female,Browsezoom,"Warner, NH",Sales Representative
513,Phillip,Bowman,pbowmane8@biblegateway.com,Male,Chatterpoint,"Warner, NH",Recruiter
514,Diane,Watson,dwatsone9@oaic.gov.au,Female,Divape,"Warner, NH",Help Desk Technician
515,Fred,Nelson,fnelsonea@wired.com,Male,Photobug,"Warner, NH",VP Accounting
516,Jason,Woods,jwoodseb@go.com,Male,InnoZ,"Warner, NH",Civil Engineer
517,Jeremy,Bennett,jbennettec@phpbb.com,Male,Chatterpoint,"Warner, NH",Programmer Analyst III
518,Julie,Wagner,jwagnered@phoca.cz,Female,Jatri,"Warner, NH",Health Coach I
519,Frank,Bell,fbellee@craigslist.org,Male,Myworks,"Warner, NH",Recruiter
520,Maria,Murray,mmurrayef@toplist.cz,Female,Geba,"Warner, NH",Accounting Assistant I
521,Donna,Jones,djoneseg@accuweather.com,Female,Skipfire,"Warner, NH",Sales Representative
522,Betty,Hunt,bhunteh@spotify.com,Female,Geba,"Warner, NH",Cost Accountant
523,Joyce,White,jwhiteei@163.com,Female,Yoveo,"Warner, NH",Environmental Tech
524,Albert,Stevens,astevensej@google.fr,Male,Edgeify,"Warner, NH",Staff Accountant II
525,Donald,Cook,dcookek@comsenz.com,Male,Brainbox,"Warner, NH",Executive Secretary
526,Evelyn,Hanson,ehansonel@networkadvertising.org,Female,Browsedrive,"Warner, NH",Senior Cost Accountant
527,Douglas,Meyer,dmeyerem@answers.com,Male,Layo,"Warner, NH",Assistant Media Planner
528,Ruby,Elliott,relliotten@nyu.edu,Female,Fadeo,"Warner, NH",Environmental Specialist
529,Billy,Howard,bhowardeo@tripod.com,Male,Yotz,"Warner, NH",Payment Adjustment Coordinator
530,Arthur,Thomas,athomasep@prweb.com,Male,Ainyx,"Warner, NH",Senior Quality Engineer
531,Jesse,Sanchez,jsanchezeq@hao123.com,Male,Kazu,"Warner, NH",
532,Kathleen,Chapman,kchapmaner@nifty.com,Female,Gabtype,"Warner, NH",Structural Analysis Engineer
533,Louise,Oliver,loliveres@eventbrite.com,Female,Kazio,"Warner, NH",Database Administrator IV
534,Carol,Foster,cfosteret@goo.ne.jp,Female,Feedspan,"Warner, NH",Desktop Support Technician
535,Carol,Meyer,cmeyereu@cafepress.com,Female,Bubblebox,"Warner, NH",Compensation Analyst
536,Samuel,Garrett,sgarrettev@smh.com.au,Male,Gabtype,"Warner, NH",Senior Quality Engineer
537,Justin,Burke,jburkeew@epa.gov,Male,Jaxnation,"Warner, NH",Technical Writer
538,Karen,Lawrence,klawrenceex@salon.com,Female,Zoombeat,"Warner, NH",Safety Technician I
539,Phillip,Hawkins,phawkinsey@spiegel.de,Male,Flipopia,"Warner, NH",Product Engineer
540,George,Rogers,grogersez@phpbb.com,Male,Jatri,"Warner, NH",Structural Analysis Engineer
541,Marilyn,Andrews,mandrewsf0@amazon.co.jp,Female,Twitterbridge,"Warner, NH",Media Manager II
542,Anna,Richards,arichardsf1@shinystat.com,Female,Skipfire,"Warner, NH",Financial Analyst
543,Diane,Mccoy,dmccoyf2@vimeo.com,Female,Thoughtbeat,"Warner, NH",Physical Therapy Assistant
544,Raymond,Jordan,rjordanf3@ifeng.com,Male,Skalith,"Warner, NH",Web Designer III
545,Patricia,Martin,pmartinf4@amazon.co.jp,Female,Flipstorm,"Warner, NH",Computer Systems Analyst I
546,Bonnie,Wagner,bwagnerf5@vistaprint.com,Female,Digitube,"Warner, NH",Software Engineer II
547,Justin,Chavez,jchavezf6@umich.edu,Male,Topicware,"Warner, NH",VP Quality Control
548,Roger,Lawson,rlawsonf7@narod.ru,Male,Thoughtstorm,"Warner, NH",Compensation Analyst
549,Dennis,Vasquez,dvasquezf8@bloglines.com,Male,Zoozzy,"Warner, NH",Administrative Assistant II
550,Pamela,Ray,prayf9@ucsd.edu,Female,Voonder,"Warner, NH",Project Manager
551,Patricia,Dixon,pdixonfa@storify.com,Female,Latz,"Warner, NH",Quality Engineer
552,Steve,James,sjamesfb@acquirethisname.com,Male,Gabspot,"Warner, NH",Associate Professor
553,Randy,Freeman,rfreemanfc@shareasale.com,Male,Twitterbridge,"Warner, NH",Speech Pathologist
554,Daniel,Crawford,dcrawfordfd@blogspot.com,Male,Gabspot,"Warner, NH",Quality Control Specialist
555,Betty,Hanson,bhansonfe@prnewswire.com,Female,Zava,"Warner, NH",Assistant Professor
556,Steven,Young,syoungff@ow.ly,Male,Jazzy,"Warner, NH",Biostatistician III
557,Jessica,Henderson,jhendersonfg@npr.org,Female,Fivespan,"Warner, NH",Senior Financial Analyst
558,Virginia,Lee,vleefh@cdbaby.com,Female,Twiyo,"Warner, NH",Developer II
559,Gerald,Ray,grayfi@mit.edu,Male,Zoombeat,"Warner, NH",Assistant Media Planner
560,Marie,Walker,mwalkerfj@weibo.com,Female,Agimba,"Warner, NH",Mechanical Systems Engineer
561,Philip,Williams,pwilliamsfk@loc.gov,Male,Jabbersphere,"Warner, NH",Account Representative IV
562,Christina,Johnston,cjohnstonfl@amazon.de,Female,Livetube,"Warner, NH",Statistician I
563,Melissa,Armstrong,marmstrongfm@marketwatch.com,Female,Dablist,"Warner, NH",Information Systems Manager
564,Diane,Thomas,dthomasfn@deliciousdays.com,Female,Npath,"Warner, NH",Account Representative I
565,Lori,Banks,lbanksfo@state.gov,Female,Meeveo,"Warner, NH",Environmental Tech
566,Cynthia,Daniels,cdanielsfp@sitemeter.com,Female,InnoZ,"Warner, NH",Senior Financial Analyst
567,Walter,Cruz,wcruzfq@yellowbook.com,Male,Katz,"Warner, NH",Senior Editor
568,Alan,Moore,amoorefr@geocities.jp,Male,Divavu,"Warner, NH",Legal Assistant
569,Brandon,Wagner,bwagnerfs@theguardian.com,Male,Linkbuzz,"Warner, NH",Accounting Assistant III
570,Julie,,jjordanft@seesaa.net,Female,Skipfire,"Warner, NH",Professor
571,Stephen,Griffin,sgriffinfu@elegantthemes.com,Male,Dablist,"Warner, NH",Registered Nurse
572,Phyllis,Thomas,pthomasfv@wiley.com,Female,Edgeblab,"Warner, NH",Editor
573,Judith,Patterson,jpattersonfw@prlog.org,Female,Youopia,"Warner, NH",Quality Control Specialist
574,Julie,Peterson,jpetersonfx@mashable.com,Female,Vimbo,"Warner, NH",Financial Analyst
575,Edward,Fowler,efowlerfy@scientificamerican.com,Male,Oyondu,"Warner, NH",Accounting Assistant II
576,Dorothy,Owens,dowensfz@shop-pro.jp,Female,Voomm,"Warner, NH",VP Marketing
577,Stephanie,King,skingg0@printfriendly.com,Female,Mita,"Warner, NH",VP Quality Control
578,Phillip,Evans,pevansg1@wikispaces.com,Male,Topicshots,"Warner, NH",Registered Nurse
579,Anthony,Riley,arileyg2@icq.com,Male,Abatz,"Warner, NH",Actuary
580,Ryan,Stevens,rstevensg3@statcounter.com,Male,Katz,"Warner, NH",Marketing Assistant
581,Roger,Jackson,rjacksong4@flavors.me,Male,Zoovu,"Warner, NH",Assistant Manager
582,Jessica,Kelly,jkellyg5@nps.gov,Female,Teklist,"Warner, NH",Web Designer III
583,Ryan,Lopez,rlopezg6@cloudflare.com,Male,Trilia,"Warner, NH",Web Designer III
584,Norma,Fernandez,nfernandezg7@nytimes.com,Female,Edgeblab,"Warner, NH",Staff Scientist
585,Raymond,Watkins,rwatkinsg8@naver.com,Male,Skyba,"Warner, NH",Staff Scientist
586,Lawrence,Franklin,lfrankling9@unicef.org,Male,Wordware,"Warner, NH",Director of Sales
587,Carolyn,Baker,cbakerga@shop-pro.jp,Female,Buzzbean,"Warner, NH",Assistant Manager
588,Joshua,Carter,jcartergb@wordpress.org,Male,Kaymbo,"Warner, NH",Chemical Engineer
589,Douglas,Rogers,drogersgc@geocities.jp,Male,Kayveo,"Warner, NH",Budget/Accounting Analyst III
590,Robert,Hill,rhillgd@apple.com,Male,DabZ,"Warner, NH",Business Systems Development Analyst
591,Irene,,ifowlerge@tmall.com,Female,Yakidoo,"Warner, NH",Accounting Assistant III
592,Bonnie,Daniels,bdanielsgf@ox.ac.uk,Female,Yadel,"Warner, NH",Accountant III
593,Walter,Mitchell,wmitchellgg@cnbc.com,Male,Kazio,"Warner, NH",Account Coordinator
594,Jeffrey,Nguyen,jnguyengh@tiny.cc,Male,Teklist,"Warner, NH",Assistant Manager
595,Adam,Hart,ahartgi@creativecommons.org,Male,Gabtune,"Warner, NH",Software Test Engineer III
596,Emily,Harris,eharrisgj@hp.com,Female,Feedmix,"Warner, NH",Structural Analysis Engineer
597,Judy,Hart,jhartgk@google.com.au,Female,Tambee,"Warner, NH",
598,Peter,Boyd,pboydgl@oaic.gov.au,Male,Browsebug,"Warner, NH",VP Marketing
599,Gregory,Williamson,gwilliamsongm@w3.org,Male,Feedbug,"Warner, NH",Project Manager
600,Roy,Foster,rfostergn@drupal.org,Male,Brainbox,"Warner, NH",Budget/Accounting Analyst I
601,Dorothy,Phillips,dphillipsgo@rakuten.co.jp,Female,Skyndu,"Warner, NH",Dental Hygienist
602,Sean,Garcia,sgarciagp@discovery.com,Male,Zava,"Warner, NH",Research Associate
603,Anna,Jacobs,ajacobsgq@i2i.jp,Female,Babblestorm,"Warner, NH",Web Developer IV
604,Donna,Mendoza,dmendozagr@moonfruit.com,Female,Tambee,"Warner, NH",Legal Assistant
605,Steve,Wright,swrightgs@disqus.com,Male,Innojam,"Warner, NH",Assistant Media Planner
606,Ruth,Chavez,rchavezgt@pagesperso-orange.fr,Female,Brightbean,"Warner, NH",Community Outreach Specialist
607,Gary,Howell,ghowellgu@yahoo.com,Male,Gigaclub,"Warner, NH",Senior Quality Engineer
608,Daniel,Howard,dhowardgv@nih.gov,Male,Skiptube,"Warner, NH",Help Desk Operator
609,Katherine,Jordan,kjordangw@addtoany.com,Female,Youfeed,"Warner, NH",Assistant Manager
610,Marilyn,Elliott,melliottgx@yellowbook.com,Female,Edgeify,"Warner, NH",Database Administrator IV
611,Kelly,Gomez,kgomezgy@jalbum.net,Female,Voonyx,"Warner, NH",Computer Systems Analyst I
612,Kelly,Mitchell,kmitchellgz@people.com.cn,Female,Feednation,"Warner, NH",Marketing Assistant
613,Rose,Sullivan,rsullivanh0@nsw.gov.au,Female,Voonte,"Warner, NH",Biostatistician III
614,Nancy,Ross,nrossh1@skype.com,Female,Skibox,"Warner, NH",Senior Sales Associate
615,Antonio,Schmidt,aschmidth2@java.com,Male,Skinder,"Warner, NH",Automation Specialist I
616,Teresa,Edwards,tedwardsh3@chron.com,Female,Gigaclub,"Warner, NH",VP Product Management
617,Judith,Ryan,jryanh4@army.mil,Female,Dynazzy,"Warner, NH",Mechanical Systems Engineer
618,Deborah,Graham,dgrahamh5@amazon.co.jp,Female,Thoughtmix,"Warner, NH",Health Coach I
619,Tammy,Lewis,tlewish6@wp.com,Female,Plajo,"Warner, NH",Research Associate
620,Christina,Harris,charrish7@trellian.com,Female,Mycat,"Warner, NH",Help Desk Operator
621,Martin,Carter,mcarterh8@live.com,Male,Dabtype,"Warner, NH",Database Administrator I
622,Sara,Peters,spetersh9@economist.com,Female,Talane,"Warner, NH",Professor
623,Kathleen,Cox,kcoxha@ezinearticles.com,Female,Yotz,"Warner, NH",VP Quality Control
624,Charles,Stanley,cstanleyhb@aol.com,Male,Centidel,"Warner, NH",Physical Therapy Assistant
625,Randy,Smith,rsmithhc@lycos.com,Male,Jabbercube,"Warner, NH",
626,Albert,Moreno,amorenohd@salon.com,Male,Tazzy,"Warner, NH",Statistician II
627,Carl,Dixon,cdixonhe@shutterfly.com,Male,Zoombox,"Warner, NH",VP Accounting
628,Denise,Carroll,dcarrollhf@utexas.edu,Female,Yakijo,"Warner, NH",Speech Pathologist
629,Ralph,Jordan,rjordanhg@multiply.com,Male,Brainverse,"Warner, NH",Dental Hygienist
630,Harold,Moore,hmoorehh@soup.io,Male,Jatri,"Warner, NH",Environmental Specialist
631,Kathryn,Burton,kburtonhi@ebay.co.uk,Female,Browsezoom,"Warner, NH",Registered Nurse
632,Matthew,Morgan,mmorganhj@alexa.com,Male,Fatz,"Warner, NH",Business Systems Development Analyst
633,Kathleen,Fox,kfoxhk@cornell.edu,Female,Meeveo,"Warner, NH",Health Coach IV
634,Ralph,Wood,rwoodhl@mashable.com,Male,Livepath,"Warner, NH",Engineer IV
635,Ruby,Olson,rolsonhm@hexun.com,Female,Rooxo,"Warner, NH",Payment Adjustment Coordinator
636,Earl,Jones,ejoneshn@storify.com,Male,Wordify,"Warner, NH",Staff Accountant IV
637,Jessica,,jdixonho@blogs.com,Female,Skyble,"Warner, NH",Actuary
638,John,Holmes,jholmeshp@goodreads.com,Male,Yabox,"Warner, NH",Geologist II
639,Kelly,Simmons,ksimmonshq@freewebs.com,Female,Yakidoo,"Warner, NH",Nuclear Power Engineer
640,John,Stevens,jstevenshr@wikia.com,Male,Edgeify,"Warner, NH",Speech Pathologist
641,Randy,Moore,rmoorehs@hugedomains.com,Male,Jayo,"Warner, NH",
642,Dennis,Knight,dknightht@ihg.com,Male,Aimbo,"Warner, NH",Professor
643,Kelly,Olson,kolsonhu@usa.gov,Female,Wikizz,"Warner, NH",Financial Advisor
644,Wanda,Thomas,wthomashv@blogtalkradio.com,Female,Zooxo,"Warner, NH",Design Engineer
645,Russell,Stevens,rstevenshw@blogs.com,Male,Camido,"Warner, NH",Staff Scientist
646,Timothy,Bishop,tbishophx@mit.edu,Male,Flipstorm,"Warner, NH",Software Consultant
647,Donna,Nguyen,dnguyenhy@marriott.com,Female,Twitterbeat,"Warner, NH",Software Test Engineer III
648,Bruce,Griffin,bgriffinhz@usa.gov,Male,Flashspan,"Warner, NH",Senior Sales Associate
649,Maria,Ray,mrayi0@howstuffworks.com,Female,Mynte,"Warner, NH",Human Resources Manager
650,Virginia,Rose,vrosei1@weather.com,Female,Brainsphere,"Warner, NH",Actuary
651,Michelle,Gardner,mgardneri2@chron.com,Female,Topiczoom,"Warner, NH",Statistician III
652,Mildred,Martinez,mmartinezi3@tripod.com,Female,Tekfly,"Warner, NH",Quality Engineer
653,Betty,Gonzales,bgonzalesi4@yahoo.com,Female,Nlounge,"Warner, NH",Dental Hygienist
654,Teresa,Nelson,tnelsoni5@google.com.au,Female,Tambee,"Warner, NH",Editor
655,Carlos,Thompson,cthompsoni6@reddit.com,Male,Skimia,"Warner, NH",Civil Engineer
656,Christine,Rivera,criverai7@storify.com,Female,Muxo,"Warner, NH",Mechanical Systems Engineer
657,Joe,Reynolds,jreynoldsi8@bigcartel.com,Male,Oba,"Warner, NH",Physical Therapy Assistant
658,Joshua,Graham,jgrahami9@com.com,Male,Viva,"Warner, NH",Biostatistician I
659,Emily,Flores,efloresia@tmall.com,Female,Bubbletube,"Warner, NH",Assistant Manager
660,Evelyn,Gray,egrayib@slate.com,Female,Tavu,"Warner, NH",Help Desk Technician
661,Joshua,Hudson,jhudsonic@toplist.cz,Male,Eamia,"Warner, NH",Teacher
662,Bobby,Hansen,bhansenid@theglobeandmail.com,Male,Oyonder,"Warner, NH",Financial Advisor
663,Jeremy,Lopez,jlopezie@ezinearticles.com,Male,Quimba,"Warner, NH",Programmer I
664,Pamela,Armstrong,parmstrongif@ameblo.jp,Female,Avamba,"Warner, NH",Dental Hygienist
665,Benjamin,Franklin,bfranklinig@ask.com,Male,Brainbox,"Warner, NH",Cost Accountant
666,Steven,Wallace,swallaceih@patch.com,Male,Yakidoo,"Warner, NH",Biostatistician I
667,Howard,Stephens,hstephensii@newsvine.com,Male,Skibox,"Warner, NH",Actuary
668,Phillip,Stephens,pstephensij@arizona.edu,Male,Rhynyx,"Warner, NH",Engineer IV
669,Annie,Grant,agrantik@photobucket.com,Female,Gabvine,"Warner, NH",Executive Secretary
670,Janice,Ortiz,jortizil@narod.ru,Female,Bubblebox,"Warner, NH",Recruiter
671,Bobby,Morales,bmoralesim@ibm.com,Male,Roodel,"Warner, NH",Librarian
672,Samuel,Rogers,srogersin@bloglines.com,Male,Zooveo,"Warner, NH",General Manager
673,William,Porter,wporterio@google.cn,Male,Geba,"Warner, NH",Assistant Media Planner
674,Earl,Peterson,epetersonip@foxnews.com,Male,Vinte,"Warner, NH",Recruiting Manager
675,Julie,Jackson,jjacksoniq@plala.or.jp,Female,LiveZ,"Warner, NH",VP Sales
676,Tammy,Day,tdayir@indiatimes.com,Female,Skyble,"Warner, NH",Clinical Specialist
677,Jessica,Stewart,jstewartis@bigcartel.com,Female,Cogidoo,"Warner, NH",Analog Circuit Design manager
678,Ashley,Payne,apayneit@businessweek.com,Female,Flashspan,"Warner, NH",Recruiter
679,Donald,Wagner,dwagneriu@china.com.cn,Male,Kanoodle,"Warner, NH",Junior Executive
680,Jose,George,jgeorgeiv@weibo.com,Male,Brainsphere,"Warner, NH",Help Desk Operator
681,Howard,Long,hlongiw@tinyurl.com,Male,Riffpedia,"Warner, NH",Research Associate
682,Timothy,Porter,tporterix@gizmodo.com,Male,Lazz,"Warner, NH",Automation Specialist IV
683,Billy,Martinez,bmartineziy@parallels.com,Male,Wikizz,"Warner, NH",Tax Accountant
684,Mildred,Vasquez,mvasqueziz@goodreads.com,Female,Youopia,"Warner, NH",Chief Design Engineer
685,Margaret,Berry,mberryj0@nhs.uk,Female,Photobean,"Warner, NH",Compensation Analyst
686,Louis,Rodriguez,lrodriguezj1@mapy.cz,Male,Wikibox,"Warner, NH",Graphic Designer
687,Jeffrey,Gomez,jgomezj2@deliciousdays.com,Male,Zooveo,"Warner, NH",
688,Pamela,Wells,pwellsj3@spotify.com,Female,Wordify,"Warner, NH",Staff Scientist
689,Rose,Little,rlittlej4@liveinternet.ru,Female,Riffwire,"Warner, NH",Human Resources Assistant II
690,Russell,Parker,rparkerj5@berkeley.edu,Male,Babbleset,"Warner, NH",Tax Accountant
691,Jeffrey,Gilbert,jgilbertj6@exblog.jp,Male,Agivu,"Warner, NH",Data Coordiator
692,Steve,Reid,sreidj7@typepad.com,Male,Kwimbee,"Warner, NH",Environmental Tech
693,Lillian,Howard,lhowardj8@earthlink.net,Female,Twiyo,"Warner, NH",Executive Secretary
694,Alice,Dunn,adunnj9@acquirethisname.com,Female,Tavu,"Warner, NH",Assistant Media Planner
695,Louis,Cunningham,lcunninghamja@scribd.com,Male,Riffpedia,"Warner, NH",Nurse Practicioner
696,Anthony,Hanson,ahansonjb@ycombinator.com,Male,Tagopia,"Warner, NH",Pharmacist
697,Anthony,Griffin,agriffinjc@cyberchimps.com,Male,Edgeclub,"Warner, NH",Analog Circuit Design manager
698,Doris,Powell,dpowelljd@trellian.com,Female,Zoonoodle,"Warner, NH",Legal Assistant
699,Martha,Payne,mpayneje@meetup.com,Female,Linkbridge,"Warner, NH",Web Developer IV
700,Tina,Jacobs,tjacobsjf@aboutads.info,Female,Oyoloo,"Warner, NH",Sales Associate
701,Anna,Stephens,astephensjg@reverbnation.com,Female,Thoughtbeat,"Warner, NH",Physical Therapy Assistant
702,Christina,Ramirez,cramirezjh@youku.com,Female,Skibox,"Warner, NH",Chemical Engineer
703,Evelyn,Ramos,eramosji@123-reg.co.uk,Female,Voolia,"Warner, NH",Executive Secretary
704,Frances,Meyer,fmeyerjj@blogtalkradio.com,Female,Gabspot,"Warner, NH",
705,Clarence,Hunter,chunterjk@scribd.com,Male,Tazz,"Warner, NH",Quality Engineer
706,Bonnie,Turner,bturnerjl@independent.co.uk,Female,Skinder,"Warner, NH",Software Engineer III
707,Willie,Bryant,wbryantjm@webs.com,Male,Skyble,"Warner, NH",Food Chemist
708,Justin,Wagner,jwagnerjn@diigo.com,Male,Brainlounge,"Warner, NH",Structural Engineer
709,Kathleen,Howard,khowardjo@discovery.com,Female,Meevee,"Warner, NH",Geologist IV
710,Jean,Wagner,jwagnerjp@biblegateway.com,Female,Jetwire,"Warner, NH",
711,Jack,Schmidt,jschmidtjq@google.co.uk,Male,Buzzster,"Warner, NH",Biostatistician I
712,Louise,,lwilliamsjr@flavors.me,Female,Thoughtworks,"Warner, NH",
713,Brian,Jacobs,bjacobsjs@ovh.net,Male,Jaxbean,"Warner, NH",Software Test Engineer IV
714,Kimberly,Robinson,krobinsonjt@deviantart.com,Female,Youopia,"Warner, NH",Financial Analyst
715,Aaron,Long,alongju@cornell.edu,Male,Kamba,"Warner, NH",Registered Nurse
716,Randy,Nichols,rnicholsjv@narod.ru,Male,Oyonder,"Warner, NH",Civil Engineer
717,Sarah,Spencer,sspencerjw@cdbaby.com,Female,Quimm,"Warner, NH",Engineer III
718,Pamela,Hall,phalljx@imdb.com,Female,Camimbo,"Warner, NH",Marketing Manager
719,Marilyn,Oliver,moliverjy@studiopress.com,Female,Tagfeed,"Warner, NH",Pharmacist
720,Robin,Boyd,rboydjz@comsenz.com,Female,Dazzlesphere,"Warner, NH",Sales Associate
721,Billy,Ross,brossk0@upenn.edu,Male,Skilith,"Warner, NH",Associate Professor
722,Jennifer,Walker,jwalkerk1@taobao.com,Female,Yodoo,"Warner, NH",Web Designer III
723,Wanda,Flores,wfloresk2@army.mil,Female,Jabberstorm,"Warner, NH",Staff Scientist
724,Kathryn,Schmidt,kschmidtk3@imgur.com,Female,Aimbu,"Warner, NH",Project Manager
725,Gary,Woods,gwoodsk4@cbsnews.com,Male,Realfire,"Warner, NH",Analyst Programmer
726,Walter,Griffin,wgriffink5@goo.ne.jp,Male,Twimbo,"Warner, NH",Director of Sales
727,Robert,Brooks,rbrooksk6@amazon.co.uk,Male,Ntag,"Warner, NH",Staff Scientist
728,Samuel,Spencer,sspencerk7@flickr.com,Male,Kazio,"Warner, NH",Biostatistician II
729,Anthony,Dunn,adunnk8@sourceforge.net,Male,Eabox,"Warner, NH",Sales Representative
730,Shirley,Peters,spetersk9@rediff.com,Female,Trilia,"Warner, NH",Executive Secretary
731,Janice,Mason,jmasonka@123-reg.co.uk,Female,Zoomcast,"Warner, NH",Software Consultant
732,Judith,Price,jpricekb@ox.ac.uk,Female,Quinu,"Warner, NH",
733,Kathy,Hill,khillkc@cloudflare.com,Female,Zoomzone,"Warner, NH",Associate Professor
734,Andrea,Spencer,aspencerkd@archive.org,Female,Twitterlist,"Warner, NH",Technical Writer
735,Mark,Howard,mhowardke@irs.gov,Male,Jabbersphere,"Warner, NH",Assistant Professor
736,Douglas,Ryan,dryankf@thetimes.co.uk,Male,Photobean,"Warner, NH",Cost Accountant
737,Joseph,Morales,jmoraleskg@pagesperso-orange.fr,Male,Twinder,"Warner, NH",Food Chemist
738,Brenda,Stevens,bstevenskh@dmoz.org,Female,Bubblebox,"Warner, NH",VP Marketing
739,Craig,Lane,claneki@is.gd,Male,Vimbo,"Warner, NH",Data Coordiator
740,Jack,Owens,jowenskj@epa.gov,Male,Browsecat,"Warner, NH",Clinical Specialist
741,Thomas,,tfowlerkk@mysql.com,Male,Mita,"Warner, NH",Administrative Assistant III
742,Brenda,Hart,bhartkl@wikispaces.com,Female,Camido,"Warner, NH",Nurse
743,Willie,Hudson,whudsonkm@google.cn,Male,Muxo,"Warner, NH",Director of Sales
744,Helen,Welch,hwelchkn@admin.ch,Female,Demimbu,"Warner, NH",Electrical Engineer
745,Phillip,Welch,pwelchko@theguardian.com,Male,Ainyx,"Warner, NH",Food Chemist
746,Benjamin,White,bwhitekp@oracle.com,Male,Riffpedia,"Warner, NH",Senior Quality Engineer
747,Joseph,Gonzalez,jgonzalezkq@jalbum.net,Male,Realmix,"Warner, NH",Assistant Media Planner
748,Stephanie,Lane,slanekr@last.fm,Female,Kwinu,"Warner, NH",Project Manager
749,John,Cooper,jcooperks@yolasite.com,Male,Oozz,"Warner, NH",Tax Accountant
750,Justin,Peterson,jpetersonkt@amazon.de,Male,Yabox,"Warner, NH",Librarian
751,Juan,Stevens,jstevensku@sbwire.com,Male,Quinu,"Warner, NH",Senior Financial Analyst
752,Martha,Warren,mwarrenkv@home.pl,Female,Youopia,"Warner, NH",Administrative Assistant I
753,Jerry,Cooper,jcooperkw@wix.com,Male,Thoughtblab,"Warner, NH",Quality Engineer
754,Laura,,ldanielskx@ow.ly,Female,Youspan,"Warner, NH",Clinical Specialist
755,Clarence,Harrison,charrisonky@woothemes.com,Male,Bluezoom,"Warner, NH",Product Engineer
756,Virginia,Rose,vrosekz@hexun.com,Female,Flashpoint,"Warner, NH",Structural Analysis Engineer
757,Raymond,Lopez,rlopezl0@goo.ne.jp,Male,Kazu,"Warner, NH",Internal Auditor
758,Lillian,Sanders,lsandersl1@msu.edu,Female,Jaxnation,"Warner, NH",Compensation Analyst
759,Wanda,Jenkins,wjenkinsl2@shareasale.com,Female,Realblab,"Warner, NH",Registered Nurse
760,Rose,Cox,rcoxl3@mapy.cz,Female,LiveZ,"Warner, NH",Research Associate
761,Scott,Coleman,scolemanl4@amazon.de,Male,Skyndu,"Warner, NH",Tax Accountant
762,Brandon,Martinez,bmartinezl5@netlog.com,Male,Roomm,"Warner, NH",Product Engineer
763,Shirley,Perry,sperryl6@examiner.com,Female,Dablist,"Warner, NH",VP Marketing
764,Lori,Ryan,lryanl7@nationalgeographic.com,Female,Eadel,"Warner, NH",Human Resources Manager
765,Shawn,Hunt,shuntl8@cbc.ca,Male,Thoughtworks,"Warner, NH",Data Coordiator
766,Emily,Cruz,ecruzl9@shutterfly.com,Female,Skaboo,"Warner, NH",Compensation Analyst
767,Lois,Nelson,lnelsonla@tumblr.com,Female,Flipopia,"Warner, NH",Recruiter
768,Kimberly,Day,kdaylb@weather.com,Female,Tagcat,"Warner, NH",Legal Assistant
769,Fred,Dixon,fdixonlc@woothemes.com,Male,Rooxo,"Warner, NH",Registered Nurse
770,Joe,Lawrence,jlawrenceld@skype.com,Male,Devshare,"Warner, NH",Senior Sales Associate
771,Martin,Mendoza,mmendozale@blog.com,Male,Jabbersphere,"Warner, NH",Director of Sales
772,Sharon,Morris,smorrislf@va.gov,Female,Devcast,"Warner, NH",Editor
773,Benjamin,Frazier,bfrazierlg@nsw.gov.au,Male,Meezzy,"Warner, NH",
774,Harry,Kim,hkimlh@bigcartel.com,Male,Cogidoo,"Warner, NH",Executive Secretary
775,Elizabeth,Barnes,ebarnesli@usatoday.com,Female,Buzzshare,"Warner, NH",Tax Accountant
776,Katherine,Vasquez,kvasquezlj@blogger.com,Female,Fivechat,"Warner, NH",Recruiting Manager
777,Cheryl,Hansen,chansenlk@lulu.com,Female,Myworks,"Warner, NH",Operator
778,Christina,Hughes,chughesll@alexa.com,Female,Skiptube,"Warner, NH",Assistant Manager
779,Johnny,Moore,jmoorelm@lycos.com,Male,Zoombeat,"Warner, NH",Database Administrator III
780,Jean,Wells,jwellsln@linkedin.com,Female,Jabbercube,"Warner, NH",Information Systems Manager
781,Linda,Green,lgreenlo@apache.org,Female,Devbug,"Warner, NH",Community Outreach Specialist
782,Judy,Johnson,jjohnsonlp@ox.ac.uk,Female,Topiczoom,"Warner, NH",
783,Ryan,Chavez,rchavezlq@shinystat.com,Male,Jabbertype,"Warner, NH",Speech Pathologist
784,Terry,Sanders,tsanderslr@va.gov,Male,Gigabox,"Warner, NH",Programmer II
785,Benjamin,Ferguson,bfergusonls@squarespace.com,Male,Dabtype,"Warner, NH",Engineer IV
786,Harold,Roberts,hrobertslt@usda.gov,Male,Nlounge,"Warner, NH",Marketing Manager
787,Sara,Larson,slarsonlu@posterous.com,Female,Yodel,"Warner, NH",Research Assistant I
788,Judith,Gray,jgraylv@mayoclinic.com,Female,Fatz,"Warner, NH",Staff Accountant III
789,Albert,Warren,awarrenlw@xing.com,Male,Photolist,"Warner, NH",Administrative Officer
790,Jack,Jones,jjoneslx@mysql.com,Male,Gigashots,"Warner, NH",Account Coordinator
791,Pamela,Foster,pfosterly@feedburner.com,Female,Realmix,"Warner, NH",Administrative Officer
792,Jeffrey,Gomez,jgomezlz@phoca.cz,Male,Zooxo,"Warner, NH",Account Executive
793,James,Ruiz,jruizm0@biblegateway.com,Male,Rhynoodle,"Warner, NH",Assistant Media Planner
794,Raymond,Peters,rpetersm1@domainmarket.com,Male,Jamia,"Warner, NH",Paralegal
795,Roy,Davis,rdavism2@discuz.net,Male,Livetube,"Warner, NH",Teacher
796,Denise,Harrison,dharrisonm3@hatena.ne.jp,Female,Jaxspan,"Warner, NH",VP Marketing
797,Larry,Cole,lcolem4@amazonaws.com,Male,Gabtune,"Warner, NH",Sales Representative
798,Laura,Gonzalez,lgonzalezm5@yellowbook.com,Female,Thoughtbridge,"Warner, NH",VP Quality Control
799,Melissa,Perez,mperezm6@imageshack.us,Female,Lazzy,"Warner, NH",Web Designer III
800,Kevin,Ramirez,kramirezm7@usatoday.com,Male,Twitterwire,"Warner, NH",Nurse Practicioner
801,Ernest,Reynolds,ereynoldsm8@symantec.com,Male,Chatterbridge,"Warner, NH",Social Worker
802,Jack,Stanley,jstanleym9@eepurl.com,Male,Rhycero,"Warner, NH",Financial Advisor
803,Craig,Diaz,cdiazma@tinyurl.com,Male,Topdrive,"Warner, NH",
804,Peter,Harvey,pharveymb@zimbio.com,Male,Flipopia,"Warner, NH",Developer I
805,Matthew,Ferguson,mfergusonmc@over-blog.com,Male,Omba,"Warner, NH",Office Assistant II
806,Ann,Chapman,achapmanmd@bbb.org,Female,Voonder,"Warner, NH",Administrative Officer
807,Benjamin,Murphy,bmurphyme@ihg.com,Male,Feedspan,"Warner, NH",Quality Engineer
808,Edward,Welch,ewelchmf@comsenz.com,Male,Browsecat,"Warner, NH",Software Test Engineer IV
809,Katherine,West,kwestmg@multiply.com,Female,Devpulse,"Warner, NH",Safety Technician II
810,Wayne,Gomez,wgomezmh@biglobe.ne.jp,Male,Linktype,"Warner, NH",Mechanical Systems Engineer
811,Lillian,Hawkins,lhawkinsmi@washington.edu,Female,Latz,"Warner, NH",Systems Administrator I
812,Jose,Stanley,jstanleymj@github.com,Male,Meetz,"Warner, NH",Community Outreach Specialist
813,Jesse,Fisher,jfishermk@washingtonpost.com,Male,Twitterlist,"Warner, NH",Developer III
814,Susan,Montgomery,smontgomeryml@si.edu,Female,Tavu,"Warner, NH",Assistant Media Planner
815,Ruby,Reyes,rreyesmm@1688.com,Female,Tagopia,"Warner, NH",Account Coordinator
816,Jacqueline,Watson,jwatsonmn@geocities.com,Female,Ooba,"Warner, NH",Account Executive
817,Harry,Collins,hcollinsmo@zdnet.com,Male,Rhycero,"Warner, NH",
818,Melissa,Ramos,mramosmp@odnoklassniki.ru,Female,Pixonyx,"Warner, NH",VP Sales
819,Theresa,Morrison,tmorrisonmq@ocn.ne.jp,Female,Innotype,"Warner, NH",Research Associate
820,Nicole,Burns,nburnsmr@home.pl,Female,Dynabox,"Warner, NH",Account Coordinator
821,Julie,,jmontgomeryms@geocities.com,Female,JumpXS,"Warner, NH",Physical Therapy Assistant
822,Aaron,George,ageorgemt@nbcnews.com,Male,Topicstorm,"Warner, NH",Senior Quality Engineer
823,Edward,Morris,emorrismu@exblog.jp,Male,Gigabox,"Warner, NH",Design Engineer
824,Doris,Fowler,dfowlermv@booking.com,Female,Devify,"Warner, NH",Executive Secretary
825,Denise,Ellis,dellismw@flickr.com,Female,Fatz,"Warner, NH",Assistant Media Planner
826,Susan,Bell,sbellmx@scribd.com,Female,Rhynoodle,"Warner, NH",VP Quality Control
827,Antonio,Morgan,amorganmy@opera.com,Male,Browseblab,"Warner, NH",Assistant Manager
828,Ann,Lopez,alopezmz@squidoo.com,Female,Topiclounge,"Warner, NH",Web Designer I
829,Paul,Robinson,probinsonn0@about.me,Male,Buzzdog,"Warner, NH",Community Outreach Specialist
830,Kathleen,Frazier,kfraziern1@deviantart.com,Female,Kanoodle,"Warner, NH",Product Engineer
831,Howard,Hughes,hhughesn2@nydailynews.com,Male,Roodel,"Warner, NH",Teacher
832,Eugene,Barnes,ebarnesn3@cyberchimps.com,Male,Tazzy,"Warner, NH",Financial Analyst
833,Ryan,Taylor,rtaylorn4@ca.gov,Male,Oozz,"Warner, NH",Programmer III
834,Alice,Martinez,amartinezn5@aol.com,Female,Wikido,"Warner, NH",Dental Hygienist
835,Anna,Morales,amoralesn6@ehow.com,Female,Yabox,"Warner, NH",General Manager
836,Carl,Hudson,chudsonn7@yellowbook.com,Male,Photofeed,"Warner, NH",Administrative Officer
837,Stephen,Henry,shenryn8@theglobeandmail.com,Male,Lazzy,"Warner, NH",Assistant Manager
838,Rebecca,Ward,rwardn9@bigcartel.com,Female,Rhynoodle,"Warner, NH",Registered Nurse
839,William,Gilbert,wgilbertna@wsj.com,Male,Meezzy,"Warner, NH",Account Coordinator
840,Ruby,Tucker,rtuckernb@twitpic.com,Female,Tagpad,"Warner, NH",Senior Financial Analyst
841,Nancy,Freeman,nfreemannc@statcounter.com,Female,Tazz,"Warner, NH",Human Resources Manager
842,William,Schmidt,wschmidtnd@privacy.gov.au,Male,Leenti,"Warner, NH",Biostatistician III
843,William,Reynolds,wreynoldsne@ebay.co.uk,Male,Photobug,"Warner, NH",Recruiting Manager
844,Kathy,Frazier,kfraziernf@sbwire.com,Female,Topicware,"Warner, NH",Information Systems Manager
845,Amanda,Lane,alaneng@wikipedia.org,Female,Wikibox,"Warner, NH",Web Designer II
846,Anthony,Tucker,atuckernh@google.de,Male,Zoozzy,"Warner, NH",Programmer I
847,Timothy,Jones,tjonesni@google.es,Male,Fivechat,"Warner, NH",Programmer Analyst II
848,Lillian,Payne,lpaynenj@wired.com,Female,Einti,"Warner, NH",Administrative Officer
849,Andrea,Graham,agrahamnk@amazonaws.com,Female,Wordtune,"Warner, NH",GIS Technical Architect
850,Jeffrey,James,jjamesnl@harvard.edu,Male,Trudoo,"Warner, NH",Senior Sales Associate
851,Mark,Chavez,mchaveznm@dot.gov,Male,DabZ,"Warner, NH",Research Nurse
852,Lawrence,Reed,lreednn@si.edu,Male,Nlounge,"Warner, NH",VP Sales
853,Tammy,Sanders,tsandersno@newyorker.com,Female,Photobug,"Warner, NH",Director of Sales
854,Keith,Harrison,kharrisonnp@omniture.com,Male,Jayo,"Warner, NH",Staff Scientist
855,Ashley,Hicks,ahicksnq@wp.com,Female,Fivespan,"Warner, NH",
856,Katherine,Ford,kfordnr@bloomberg.com,Female,Edgeify,"Warner, NH",Physical Therapy Assistant
857,Walter,Scott,wscottns@elegantthemes.com,Male,Aivee,"Warner, NH",Information Systems Manager
858,Norma,Scott,nscottnt@telegraph.co.uk,Female,Kaymbo,"Warner, NH",Media Manager IV
859,Peter,Williams,pwilliamsnu@independent.co.uk,Male,Jayo,"Warner, NH",Software Consultant
860,Ann,Jackson,ajacksonnv@facebook.com,Female,Bluejam,"Warner, NH",Compensation Analyst
861,Sandra,Fernandez,sfernandeznw@wisc.edu,Female,Gevee,"Warner, NH",Database Administrator IV
862,Marilyn,Edwards,medwardsnx@mediafire.com,Female,Feedmix,"Warner, NH",Software Consultant
863,Antonio,Russell,arussellny@tripod.com,Male,Dablist,"Warner, NH",Speech Pathologist
864,Lori,Reed,lreednz@gizmodo.com,Female,Voomm,"Warner, NH",VP Sales
865,Roy,Vasquez,rvasquezo0@google.com,Male,Realpoint,"Warner, NH",Data Coordiator
866,Timothy,Tucker,ttuckero1@vkontakte.ru,Male,Fivespan,"Warner, NH",Technical Writer
867,Carl,Stewart,cstewarto2@nasa.gov,Male,Zoombeat,"Warner, NH",VP Product Management
868,Harry,Nguyen,hnguyeno3@vkontakte.ru,Male,InnoZ,"Warner, NH",VP Quality Control
869,Paula,Marshall,pmarshallo4@goo.gl,Female,Tagtune,"Warner, NH",Financial Advisor
870,Phyllis,Ruiz,pruizo5@jiathis.com,Female,Vipe,"Warner, NH",Software Consultant
871,Richard,Knight,rknighto6@xrea.com,Male,Babbleopia,"Warner, NH",Software Test Engineer I
872,Cheryl,Kelley,ckelleyo7@abc.net.au,Female,Nlounge,"Warner, NH",Nurse Practicioner
873,Diana,Fisher,dfishero8@icq.com,Female,Flashdog,"Warner, NH",Help Desk Technician
874,Mildred,Watson,mwatsono9@bluehost.com,Female,Rhynyx,"Warner, NH",Editor
875,Carl,King,ckingoa@cam.ac.uk,Male,Innotype,"Warner, NH",Payment Adjustment Coordinator
876,Ralph,,rrodriguezob@hugedomains.com,Male,Mybuzz,"Warner, NH",Project Manager
877,Michael,Ferguson,mfergusonoc@msu.edu,Male,Meejo,"Warner, NH",Librarian
878,Kelly,Morris,kmorrisod@jalbum.net,Female,Divavu,"Warner, NH",Environmental Specialist
879,Scott,Burns,sburnsoe@chicagotribune.com,Male,Jabberstorm,"Warner, NH",Data Coordiator
880,Cheryl,Henry,chenryof@upenn.edu,Female,Zava,"Warner, NH",Data Coordiator
881,Carlos,Mitchell,cmitchellog@unblog.fr,Male,Dabtype,"Warner, NH",Human Resources Assistant III
882,Patrick,Parker,pparkeroh@loc.gov,Male,Skinte,"Warner, NH",Editor
883,Linda,Black,lblackoi@ebay.co.uk,Female,Camido,"Warner, NH",Structural Analysis Engineer
884,Betty,Vasquez,bvasquezoj@forbes.com,Female,Topdrive,"Warner, NH",Social Worker
885,Richard,Hill,rhillok@sakura.ne.jp,Male,Devify,"Warner, NH",Research Assistant III
886,Gary,Wilson,gwilsonol@fotki.com,Male,Meemm,"Warner, NH",Administrative Officer
887,Christine,Taylor,ctaylorom@reddit.com,Female,Mybuzz,"Warner, NH",Media Manager III
888,Kimberly,George,kgeorgeon@ucsd.edu,Female,Skipfire,"Warner, NH",Nurse Practicioner
889,Irene,Jordan,ijordanoo@altervista.org,Female,Kwinu,"Warner, NH",Geologist IV
890,Laura,Evans,levansop@about.me,Female,Eire,"Warner, NH",Automation Specialist III
891,Christine,Rodriguez,crodriguezoq@linkedin.com,Female,Meemm,"Warner, NH",Technical Writer
892,Jennifer,Henry,jhenryor@exblog.jp,Female,Jetpulse,"Warner, NH",Speech Pathologist
893,Ryan,Carpenter,rcarpenteros@netlog.com,Male,Ntags,"Warner, NH",Senior Quality Engineer
894,Michelle,Henry,mhenryot@nationalgeographic.com,Female,Realblab,"Warner, NH",Nurse
895,Joyce,Brooks,jbrooksou@reference.com,Female,Zoonder,"Warner, NH",Teacher
896,Aaron,Hill,ahillov@state.tx.us,Male,Rhybox,"Warner, NH",Developer III
897,Jane,Palmer,jpalmerow@cbc.ca,Female,Oyoyo,"Warner, NH",Account Coordinator
898,William,Greene,wgreeneox@upenn.edu,Male,Ailane,"Warner, NH",VP Product Management
899,Mary,Kim,mkimoy@php.net,Female,Realcube,"Warner, NH",Senior Cost Accountant
900,Harold,Ward,hwardoz@constantcontact.com,Male,Voolith,"Warner, NH",Senior Sales Associate
901,Jonathan,Evans,jevansp0@fc2.com,Male,Thoughtstorm,"Warner, NH",Payment Adjustment Coordinator
902,Bruce,Butler,bbutlerp1@ft.com,Male,Riffpath,"Warner, NH",Graphic Designer
903,Larry,Brooks,lbrooksp2@squidoo.com,Male,Voonder,"Warner, NH",Staff Accountant IV
904,Ryan,Matthews,rmatthewsp3@github.io,Male,Gabtype,"Warner, NH",Environmental Tech
905,Lois,Griffin,lgriffinp4@blog.com,Female,Kare,"Warner, NH",Senior Editor
906,Fred,Romero,fromerop5@ocn.ne.jp,Male,Cogidoo,"Warner, NH",Geologist IV
907,Tina,Marshall,tmarshallp6@livejournal.com,Female,Jabbercube,"Warner, NH",Environmental Tech
908,Gerald,Bennett,gbennettp7@e-recht24.de,Male,Tagfeed,"Warner, NH",VP Accounting
909,Lillian,Dean,ldeanp8@is.gd,Female,Flashdog,"Warner, NH",Financial Analyst
910,Sarah,Elliott,selliottp9@cdc.gov,Female,Browsezoom,"Warner, NH",VP Quality Control
911,Sean,Ray,sraypa@macromedia.com,Male,Eidel,"Warner, NH",Product Engineer
912,Helen,Wallace,hwallacepb@irs.gov,Female,Ailane,"Warner, NH",Recruiting Manager
913,Pamela,Henry,phenrypc@csmonitor.com,Female,Jetpulse,"Warner, NH",Technical Writer
914,Stephen,Lee,sleepd@newsvine.com,Male,Tagchat,"Warner, NH",Teacher
915,Jennifer,Hamilton,jhamiltonpe@netlog.com,Female,Meedoo,"Warner, NH",General Manager
916,William,Jordan,wjordanpf@reuters.com,Male,Kayveo,"Warner, NH",Chemical Engineer
917,John,Morrison,jmorrisonpg@sfgate.com,Male,Skyble,"Warner, NH",Director of Sales
918,Howard,Foster,hfosterph@reuters.com,Male,Zoomcast,"Warner, NH",Research Nurse
919,Tina,Snyder,tsnyderpi@xing.com,Female,Brightdog,"Warner, NH",Assistant Manager
920,Martin,Williams,mwilliamspj@dailymail.co.uk,Male,Kanoodle,"Warner, NH",Recruiting Manager
921,Jason,Black,jblackpk@addthis.com,Male,Trupe,"Warner, NH",Assistant Media Planner
922,Sandra,Frazier,sfrazierpl@surveymonkey.com,Female,Ainyx,"Warner, NH",Operator
923,Carlos,Patterson,cpattersonpm@geocities.com,Male,Wikibox,"Warner, NH",Quality Engineer
924,Shirley,Foster,sfosterpn@unc.edu,Female,Dynava,"Warner, NH",Environmental Tech
925,Phyllis,Mccoy,pmccoypo@apache.org,Female,Quire,"Warner, NH",Software Engineer II
926,Steven,Robinson,srobinsonpp@51.la,Male,Kare,"Warner, NH",Occupational Therapist
927,Robert,Peterson,rpetersonpq@shop-pro.jp,Male,Skidoo,"Warner, NH",Electrical Engineer
928,Kathleen,Burns,kburnspr@gizmodo.com,Female,Oozz,"Warner, NH",Senior Developer
929,Rebecca,Day,rdayps@tumblr.com,Female,Thoughtsphere,"Warner, NH",Statistician III
930,Frances,Sullivan,fsullivanpt@yellowbook.com,Female,Janyx,"Warner, NH",Account Representative IV
931,Julie,Lee,jleepu@techcrunch.com,Female,Jaxspan,"Warner, NH",Nuclear Power Engineer
932,William,Knight,wknightpv@jalbum.net,Male,Rooxo,"Warner, NH",Biostatistician I
933,Kenneth,Ward,kwardpw@canalblog.com,Male,Wordtune,"Warner, NH",Human Resources Assistant II
934,Rachel,Bowman,rbowmanpx@mtv.com,Female,Zava,"Warner, NH",
935,Anne,Cooper,acooperpy@barnesandnoble.com,Female,Youspan,"Warner, NH",Environmental Specialist
936,Chris,Greene,cgreenepz@desdev.cn,Male,Thoughtbeat,"Warner, NH",Assistant Professor
937,Julia,Crawford,jcrawfordq0@multiply.com,Female,Flashspan,"Warner, NH",General Manager
938,Steven,Sullivan,ssullivanq1@a8.net,Male,Livetube,"Warner, NH",Financial Advisor
939,Judith,Mendoza,jmendozaq2@wufoo.com,Female,Quinu,"Warner, NH",Web Designer II
940,Steve,Henry,shenryq3@yolasite.com,Male,Fliptune,"Warner, NH",Clinical Specialist
941,Wanda,Stone,wstoneq4@phpbb.com,Female,Centimia,"Warner, NH",
942,Cynthia,Cruz,ccruzq5@dion.ne.jp,Female,Voomm,"Warner, NH",Operator
943,Craig,Meyer,cmeyerq6@ox.ac.uk,Male,Gevee,"Warner, NH",Human Resources Assistant III
944,Helen,Webb,hwebbq7@lycos.com,Female,Ainyx,"Warner, NH",Legal Assistant
945,Catherine,Shaw,cshawq8@domainmarket.com,Female,Skilith,"Warner, NH",Administrative Assistant III
946,Terry,Lane,tlaneq9@miibeian.gov.cn,Male,Demimbu,"Warner, NH",Human Resources Manager
947,Billy,Garrett,bgarrettqa@ning.com,Male,Tavu,"Warner, NH",Financial Advisor
948,Thomas,,twheelerqb@odnoklassniki.ru,Male,Edgetag,"Warner, NH",Editor
949,Lois,Turner,lturnerqc@ning.com,Female,Zoomdog,"Warner, NH",Senior Editor
950,Bruce,Mendoza,bmendozaqd@squarespace.com,Male,Wikido,"Warner, NH",Assistant Media Planner
951,Juan,Foster,jfosterqe@unicef.org,Male,Innotype,"Warner, NH",Research Associate
952,Jacqueline,Hall,jhallqf@google.co.jp,Female,Flashpoint,"Warner, NH",Sales Associate
953,Catherine,Mendoza,cmendozaqg@cargocollective.com,Female,Linktype,"Warner, NH",Financial Analyst
954,Carol,Dunn,cdunnqh@bloglines.com,Female,Kimia,"Warner, NH",Design Engineer
955,Dennis,Weaver,dweaverqi@youku.com,Male,Brainbox,"Warner, NH",Marketing Assistant
956,Daniel,Greene,dgreeneqj@woothemes.com,Male,Brainbox,"Warner, NH",Budget/Accounting Analyst IV
957,Doris,Morrison,dmorrisonqk@jigsy.com,Female,Zava,"Warner, NH",Project Manager
958,Catherine,Woods,cwoodsql@digg.com,Female,Flipopia,"Warner, NH",VP Marketing
959,Dennis,Alvarez,dalvarezqm@creativecommons.org,Male,Trilia,"Warner, NH",Teacher
960,Jane,Davis,jdavisqn@amazon.co.jp,Female,Skilith,"Warner, NH",Chemical Engineer
961,Jacqueline,Medina,jmedinaqo@xrea.com,Female,Realfire,"Warner, NH",Assistant Manager
962,Marilyn,Bennett,mbennettqp@hp.com,Female,Vimbo,"Warner, NH",VP Accounting
963,Justin,,jgordonqq@yellowpages.com,Male,Skippad,"Warner, NH",Software Test Engineer II
964,Paula,Watkins,pwatkinsqr@disqus.com,Female,Voonix,"Warner, NH",Graphic Designer
965,Richard,Arnold,rarnoldqs@wikia.com,Male,Aivee,"Warner, NH",Physical Therapy Assistant
966,Richard,Hall,rhallqt@unblog.fr,Male,Oba,"Warner, NH",Quality Engineer
967,Willie,Henry,whenryqu@abc.net.au,Male,Skinder,"Warner, NH",Administrative Assistant I
968,Amanda,Dunn,adunnqv@skyrock.com,Female,Vinder,"Warner, NH",Software Consultant
969,Pamela,Arnold,parnoldqw@issuu.com,Female,Livetube,"Warner, NH",Systems Administrator II
970,Jonathan,Lane,jlaneqx@com.com,Male,Pixonyx,"Warner, NH",Operator
971,Jerry,Hudson,jhudsonqy@blogspot.com,Male,Talane,"Warner, NH",Automation Specialist III
972,Julie,Hayes,jhayesqz@zimbio.com,Female,Linkbridge,"Warner, NH",Payment Adjustment Coordinator
973,Bonnie,Scott,bscottr0@nytimes.com,Female,Kazio,"Warner, NH",Structural Engineer
974,Keith,Harrison,kharrisonr1@google.co.uk,Male,Zooveo,"Warner, NH",Design Engineer
975,Pamela,Richards,prichardsr2@home.pl,Female,Thoughtworks,"Warner, NH",Structural Engineer
976,Randy,Green,rgreenr3@zimbio.com,Male,Tanoodle,"Warner, NH",Geological Engineer
977,Adam,Richardson,arichardsonr4@mayoclinic.com,Male,Twitterworks,"Warner, NH",Financial Advisor
978,Kathy,Gonzales,kgonzalesr5@cmu.edu,Female,Tazz,"Warner, NH",
979,Antonio,Fowler,afowlerr6@geocities.com,Male,DabZ,"Warner, NH",Accountant II
980,Jessica,Henry,jhenryr7@infoseek.co.jp,Female,Fivebridge,"Warner, NH",Civil Engineer
981,Raymond,Morales,rmoralesr8@ihg.com,Male,Meevee,"Warner, NH",Budget/Accounting Analyst IV
982,Eugene,White,ewhiter9@ocn.ne.jp,Male,Viva,"Warner, NH",Biostatistician IV
983,Sarah,Barnes,sbarnesra@godaddy.com,Female,Feedspan,"Warner, NH",Director of Sales
984,Beverly,Meyer,bmeyerrb@posterous.com,Female,Mydo,"Warner, NH",Accountant IV
985,Joyce,Edwards,jedwardsrc@pen.io,Female,Twiyo,"Warner, NH",Senior Editor
986,Alan,James,ajamesrd@sogou.com,Male,Avamba,"Warner, NH",Systems Administrator I
987,Russell,Anderson,randersonre@blogs.com,Male,Wordtune,"Warner, NH",Recruiting Manager
988,Antonio,Jackson,ajacksonrf@youtu.be,Male,Dabshots,"Warner, NH",Cost Accountant
989,Timothy,Ramirez,tramirezrg@homestead.com,Male,Viva,"Warner, NH",VP Product Management
990,Michelle,Wood,mwoodrh@myspace.com,Female,Babbleopia,"Warner, NH",Information Systems Manager
991,Adam,Jenkins,ajenkinsri@cbslocal.com,Male,Kwideo,"Warner, NH",Compensation Analyst
992,Matthew,Hughes,mhughesrj@chron.com,Male,Wikizz,"Warner, NH",Web Developer II
993,Pamela,Moreno,pmorenork@cloudflare.com,Female,Avaveo,"Warner, NH",Database Administrator IV
994,Joyce,Gomez,jgomezrl@blogs.com,Female,Wordware,"Merrimac South, AL",Electrical Engineer
995,Angela,Butler,abutlerrm@house.gov,Female,Yakitri,"Stanardsville, NH",Senior Financial Analyst
996,Sharon,Perkins,sperkinsrn@digg.com,Female,Youspan,"Two Brooks, WI",Environmental Specialist
997,Jane,Wagner,jwagnerro@furl.net,Female,Fiveclub,"Curriers, NM",Speech Pathologist
998,Ronald,Dean,rdeanrp@prlog.org,Male,Bubbletube,"Skookumchuck, VA",Legal Assistant
999,Carlos,Henderson,chendersonrq@google.ca,Male,Ailane,"Edgerton, RI",Assistant Professor
1000,Diana,Frazier,dfrazierrr@businessweek.com,Female,Talane,"Slater, MO",Budget/Accounting Analyst IV
